time,y_1,y_2,width,y
750,10.595,11.833,3,10.672
930,9.689,9.865,3,10.0785714286
765,6.86,7.4175,3,6.8885714286
995,12.216,13.227,2,17.487000000000002
250,1.3577777778,1.08,3,1.65
1410,2.05,2.155,3,2.115
15,1.082,0.789,2,0.466
285,2.472,2.14125,3,2.9766666667000004
355,10.822000000000001,10.039,3,7.066
650,6.961,8.801,2,9.139
1110,9.935,8.123,2,7.596
985,13.199000000000002,12.767000000000001,3,12.7033333333
270,2.64,3.056,3,4.133
145,0.228,0.523,3,0.638
315,4.794,4.05,3,6.843999999999999
1240,4.0255555556000004,4.0555555556,3,4.3333333333
950,26.962,20.359,3,18.86
1325,5.193,4.854,3,4.461
460,12.612,12.195,2,14.017999999999999
1180,8.005,10.027000000000001,3,7.015
785,8.735,7.349,3,8.617
660,6.029,6.029,3,4.773
840,9.177,9.06125,3,8.81
1220,6.955,8.355,3,8.123
235,1.077,1.123,3,1.439
950,14.720999999999998,14.720999999999998,3,12.489
510,12.377,14.22,3,13.529000000000002
990,12.7033333333,13.199000000000002,3,14.425999999999998
1315,2.968,2.9219999999999997,2,2.279
375,11.372,7.127000000000001,2,9.4
540,4.377,5.4566666666999994,3,5.0280000000000005
1270,4.9719999999999995,4.9719999999999995,3,6.855
570,5.4577777778,5.4577777778,3,4.8522222222
1300,3.177,3.238,2,2.7489999999999997
1215,8.355,8.522,3,6.955
965,11.338,11.338,3,11.145
485,11.395,14.706,3,12.872
1265,5.395,3.77,3,3.6722222222000003
145,0.2057142857,0.0,3,1.1814285714
990,18.344,18.243,3,20.511
870,14.729000000000001,15.849,3,12.595
305,4.388999999999999,4.066,3,3.66
265,1.2,2.1116666666999997,3,1.8625
205,0.4133333333,0.4133333333,3,0.43200000000000005
420,6.622999999999999,6.622999999999999,3,6.0911111111
400,10.982999999999999,8.058,2,9.867
1115,12.401,11.873,3,9.922
50,0.7583333333,0.67375,3,0.42
1100,11.923,13.112,3,10.684000000000001
695,10.573,12.482999999999999,3,13.638
645,6.816,8.927999999999999,2,8.555
1270,3.75125,4.25,3,4.7044444444
455,12.195,13.877,2,12.612
1115,7.596,9.935,2,9.744
185,0.8390000000000001,0.59,3,0.521
1020,21.505,24.994,3,20.39
580,10.549000000000001,9.949,3,9.133
575,4.8522222222,4.8522222222,3,4.6288888889
1375,2.544,2.917,3,2.294
795,9.445,7.672999999999999,2,8.929
335,5.0885714286,5.0885714286,3,6.02
1170,5.9879999999999995,6.577000000000001,3,6.132000000000001
160,0.6733333333,0.32,2,0.42666666670000003
740,7.7088888889,7.7088888889,3,7.1055555556
780,6.372000000000001,6.372000000000001,3,8.451
1345,3.71,3.3125,3,3.2680000000000002
520,5.372000000000001,5.372000000000001,3,5.5922222222
310,6.066,4.285,2,7.193
595,5.76375,5.0177777778,3,5.055
225,1.062,0.9109999999999999,3,1.102
585,8.823,8.656,2,8.111
40,0.8340000000000001,0.8170000000000001,3,1.5119999999999998
1145,6.1383333333,6.9444444444,3,4.9925
1290,3.372,2.9560000000000004,2,3.238
505,6.2925,8.215,3,4.691111111100001
575,9.949,11.561,3,10.549000000000001
1135,9.36875,8.34,3,5.783333333300001
405,15.960999999999999,13.072000000000001,3,17.255
940,12.344000000000001,12.344000000000001,3,11.666666666700001
535,11.494000000000002,14.402999999999999,3,11.833
1295,6.41,5.737,3,6.112
940,10.005,12.8,2,10.534
35,0.675,0.8655555556,3,0.84
1410,3.656,2.6289999999999996,3,3.5660000000000003
1270,8.405,7.055,3,7.4670000000000005
835,13.210999999999999,13.248,3,11.559000000000001
865,9.129,9.129,3,9.302222222200001
270,2.327,1.33,3,2.029
1115,9.7955555556,9.9,3,9.472000000000001
275,2.423,2.423,3,1.9011111111
440,7.80625,5.055,3,4.69
660,6.612,9.139,2,7.627999999999999
750,7.6188888889,7.676666666699999,3,6.772
930,14.577,16.544,3,16.288
1185,5.872000000000001,6.211,2,7.0120000000000005
610,4.417,5.683,3,5.818
930,12.689,12.007,2,13.85
925,9.865,9.333,3,9.689
1015,24.994,18.296,3,21.505
80,0.395,0.36200000000000004,3,0.589
185,0.39,0.634,3,0.24
1035,20.355,25.395,3,20.372
430,7.13,5.42875,3,7.042999999999999
670,8.566,10.829,3,10.145
700,5.822,5.822,3,6.1
1095,11.960999999999999,11.960999999999999,3,11.645
75,1.008,1.008,3,0.37799999999999995
520,11.105,8.661,2,9.589
1395,2.467,1.334,3,1.9040000000000001
245,1.238,1.439,3,1.9769999999999999
135,0.8388888889,0.9444444444,2,0.4388888889
380,9.455,9.417,3,9.055
720,11.110999999999999,10.238999999999999,3,9.011000000000001
1065,13.232999999999999,16.706,2,11.061
790,7.672999999999999,8.972999999999999,2,9.445
490,4.5485714286,6.2225,3,4.1844444444
845,7.645,7.4611111111,3,7.445
500,11.254000000000001,12.533,3,12.328
765,6.6677777778,5.318,3,5.2166666667
1195,8.599,9.149,3,7.195
690,8.062000000000001,6.8,2,8.43
1320,3.7439999999999998,3.113,3,2.727
750,6.244,7.666666666699999,3,6.322
1100,9.55,9.728,2,8.123
535,10.677,10.710999999999999,2,7.655
395,8.917,9.812000000000001,2,12.012
1065,9.879,11.982999999999999,2,10.960999999999999
785,14.057,14.149000000000001,3,11.854000000000001
10,0.9059999999999999,1.295,3,1.3277777778
1020,14.937999999999999,12.198888888900001,3,14.1555555556
1375,3.582,3.005,3,1.8
610,8.662,6.25,2,7.101
1250,5.755,5.782,3,6.149
635,5.034,8.015,2,7.54
70,0.4322222222,0.7425,3,0.7911111111
1260,3.77,3.9888888889,3,5.395
25,0.9490000000000001,0.98,3,0.915
290,5.916,4.323,2,4.445
840,11.559000000000001,13.210999999999999,3,11.517000000000001
1425,0.9840000000000001,1.24,3,1.0255555556
1340,3.353,3.353,3,4.351
1040,16.5425,15.025555555599999,3,17.32
810,8.3522222222,7.53,3,6.61
665,6.712999999999999,8.439,2,9.861
1360,1.344,1.005,2,1.633
240,0.789,1.55,3,1.556
1005,14.3511111111,12.833,3,13.144
155,0.645,0.579,3,0.8440000000000001
1355,2.967,2.877,2,2.49
905,12.305,11.384,2,10.89
1105,10.649000000000001,11.661,3,11.466
460,13.800999999999998,14.35,2,13.462
200,0.698,0.672,2,0.649
670,5.7075,5.4,3,5.25625
1120,9.222999999999999,11.667,2,9.317
1020,16.233,16.233,3,14.620999999999999
1010,22.643,20.173,3,23.379
765,11.800999999999998,12.755,3,11.693
1150,5.54,6.345,2,5.641
615,7.472,6.3389999999999995,2,7.612
1285,3.634,3.4528571429,3,4.93875
1265,7.055,6.215,3,8.405
540,5.84,5.19,3,4.5
1310,4.406000000000001,4.406000000000001,3,4.138999999999999
150,0.23399999999999999,0.23399999999999999,3,0.623
580,8.445,8.677,2,9.277999999999999
1070,19.459,22.028000000000002,3,13.267000000000001
360,3.1289999999999996,4.6175,3,3.623
600,3.5611111111000002,3.5611111111000002,3,9.11
670,5.078,5.078,3,5.267
485,11.715,12.339,3,12.172
250,1.79,1.251,2,2.0380000000000003
740,5.95,6.54875,3,7.676666666699999
25,0.42,0.973,2,0.644
1020,13.534,11.722999999999999,2,14.15
230,1.2329999999999999,1.445,2,1.4880000000000002
455,20.928,17.383,3,23.033
1025,20.39,21.505,3,20.027
305,3.5439999999999996,3.799,3,3.1
1365,2.04,1.8730000000000002,2,1.4669999999999999
115,0.8109999999999999,0.667,3,0.5
1405,1.57,1.1757142857,3,1.195
1425,1.0170000000000001,0.5379999999999999,2,1.21
625,7.678,7.612,2,8.015
730,7.75625,5.88875,3,6.5125
765,6.504,7.428,3,8.383
1040,18.166,30.326999999999998,3,25.994
1420,3.2889999999999997,3.5660000000000003,3,2.967
670,9.339,7.627999999999999,2,7.545
585,5.417999999999999,5.417999999999999,3,5.122000000000001
195,0.7609999999999999,0.3944444444,2,0.9688888889
895,9.2575,9.2575,3,10.933333333299998
790,11.567,12.712,3,11.335
890,11.0377777778,10.0377777778,3,9.4757142857
875,8.406,11.515999999999998,3,11.667
70,0.7120000000000001,0.726,3,0.695
1125,8.328,9.744,2,7.807
230,0.9890000000000001,0.9890000000000001,3,1.062
220,1.084,1.084,3,1.2588888889
10,0.955,1.8414285713999998,3,1.0855555556
175,0.828,0.3266666667,3,0.634
275,2.029,2.327,3,2.14125
1130,10.533,10.187999999999999,3,9.745
1250,3.128,4.306,2,3.917
830,10.49,10.49,3,8.3888888889
1030,20.027,20.39,3,20.178
850,13.255999999999998,13.218,3,12.515999999999998
1380,3.0475,2.0471428571,3,2.0177777778
450,6.2528571429,7.784444444400001,3,7.456
690,5.904285714299999,5.1966666667000005,3,5.0866666667
250,1.08,1.08,3,1.0866666667
855,8.966000000000001,9.606,2,9.449
755,11.477,13.110999999999999,3,13.665999999999999
495,4.1844444444,4.5485714286,3,7.0688888889
1385,2.282,2.294,3,0.9490000000000001
700,11.561,11.488,3,9.329
1050,13.944,13.774000000000001,2,13.195
1065,15.164000000000001,13.5922222222,3,13.267000000000001
415,6.7575,7.395,3,8.4055555556
30,0.838,1.2770000000000001,3,0.35100000000000003
335,9.595,9.229,2,7.117000000000001
35,0.873,1.084,2,0.418
310,4.066,4.611000000000001,2,5.432
1405,0.711,1.6059999999999999,2,1.073
1175,9.265,8.856,3,7.577000000000001
640,11.15,10.067,3,12.395714285699999
1205,7.2,8.199,3,7.706
120,0.6829999999999999,1.063,3,0.361
875,12.595,14.729000000000001,3,11.783
305,2.56,2.56,3,2.867
520,6.0425,3.8014285714,3,6.646
850,9.606,9.122,2,8.966000000000001
10,0.622,0.8390000000000001,3,0.645
405,7.572,7.572,3,7.205
5,1.81,1.077,3,1.571
1250,4.9239999999999995,4.9239999999999995,3,4.173
1365,2.89625,2.6244444444,3,2.917
1220,7.623333333300001,5.233,3,5.638999999999999
480,12.339,18.616,3,11.715
340,6.02,6.02,3,5.85
1375,1.217,1.473,2,2.81
380,6.294285714299999,6.294285714299999,3,7.445
1315,6.5329999999999995,5.905,3,5.472
630,8.577,9.235,3,9.406
1185,6.129,5.401,2,4.534
310,3.1,3.5439999999999996,3,5.316
135,0.4144444444,0.20600000000000002,2,0.2655555556
130,0.2057142857,0.3675,3,0.645
605,10.232999999999999,10.962,3,8.039
285,4.65,5.882000000000001,2,5.055
625,4.2775,4.4122222222000005,3,4.5233333333
620,6.64,7.867000000000001,2,7.21
945,13.23,10.77875,3,12.401111111099999
290,3.9742857143,3.9114285713999997,3,2.6533333333
770,6.85375,6.85375,3,6.691111111100001
465,6.17375,7.1042857142999996,3,7.0889999999999995
160,0.4188888889,0.1875,3,0.222
950,11.947000000000001,14.399000000000001,2,13.572000000000001
1105,8.123,9.55,2,9.935
230,1.102,1.062,3,0.69
1400,1.7169999999999999,2.213,3,1.473
1170,6.333333333300001,6.333333333300001,3,7.0811111111
780,8.245,10.189,2,8.972999999999999
985,13.614,13.270999999999999,2,14.140999999999998
1355,2.807,3.045,3,2.6244444444
740,6.5228571428999995,6.5125,3,8.20875
1335,5.132999999999999,4.461,3,4.64
615,9.689,9.104,3,11.86
530,10.695,9.589,2,8.941
1120,9.327,9.61,3,6.935
1140,8.567,9.422,3,9.011000000000001
1225,4.671,3.295,2,6.084
610,6.3389999999999995,7.061,2,7.472
15,1.15,3.298,3,0.895
1410,1.073,0.711,2,0.9259999999999999
300,4.529,6.234,2,4.285
1160,8.221,7.94,2,8.1
110,0.228,0.37,2,0.47700000000000004
445,16.855,15.427,3,18.667
605,4.9719999999999995,5.055,3,4.8044444444
1355,6.182,4.51,3,6.056
630,4.5233333333,4.2775,3,5.39625
980,13.05,11.6875,3,15.2
785,6.1477777778,6.535,3,6.4214285714
1225,5.322,2.249,2,3.5780000000000003
490,11.189,6.8839999999999995,2,9.282
1205,6.801,5.835,2,5.228
1295,5.15375,3.366,2,3.35
330,5.0055555556,3.8339999999999996,3,4.995
1125,6.935,9.327,3,8.299
870,9.302222222200001,9.302222222200001,3,8.0733333333
1390,3.245,3.245,3,2.311
810,7.767,7.767,3,7.489
900,9.773,8.707,3,10.639000000000001
670,8.41,11.366,3,9.39
185,0.3,0.3,3,0.306
470,7.135555555599999,7.4183333333000006,3,7.5
1260,5.1355555556,3.267,3,4.25
725,5.667999999999999,5.667999999999999,3,6.723
90,0.5,0.444,3,0.3
455,12.255,12.212,2,14.712
705,10.482000000000001,9.361,3,10.777000000000001
340,8.601,9.007,2,9.127
1145,9.011000000000001,8.567,3,8.277999999999999
925,14.720999999999998,14.220999999999998,3,12.196
1250,4.439,3.338,2,2.439
200,0.37799999999999995,0.3085714286,3,0.78
355,4.677,6.266,3,5.43
245,0.9244444444,0.9244444444,3,1.08
1315,3.117,2.705,2,2.447
175,1.012,0.6829999999999999,3,0.301
705,5.927142857100001,5.5,3,6.12375
65,0.9,0.7371428570999999,3,0.3171428571
970,17.055999999999997,25.218000000000004,3,23.078000000000003
855,12.515999999999998,13.255999999999998,3,12.685
1270,3.839,5.117,2,4.485
1115,9.033,10.36,3,8.711
935,12.644,12.644,3,12.344000000000001
1145,7.226,5.783333333300001,3,6.5760000000000005
590,5.122000000000001,5.122000000000001,3,5.343999999999999
695,5.0866666667,5.904285714299999,3,5.5
610,4.895,4.0857142857,3,5.0866666667
5,1.35,1.35,3,1.5988888889
1405,1.335,1.494,2,1.64
1390,3.787,3.965,3,3.071
1230,6.9,9.372,3,8.177
640,8.417,9.406,3,8.972000000000001
150,0.41,0.228,2,0.36444444439999996
230,1.278,1.173,2,1.412
930,12.694,11.262,2,12.8
1435,2.1830000000000003,3.127,3,3.298
195,0.294,0.3522222222,2,0.937
175,0.7888888889,0.1666666667,2,0.37200000000000005
1340,2.7,2.655,2,1.306
400,12.012,8.917,2,13.424000000000001
220,0.9109999999999999,0.7440000000000001,3,1.062
1355,3.5439999999999996,4.611000000000001,3,2.862
1190,9.149,10.284,3,8.599
185,0.38299999999999995,0.37799999999999995,3,0.713
1280,6.016,6.132999999999999,3,5.982
1175,6.132000000000001,5.9879999999999995,3,5.572
140,0.312,0.645,3,0.285
565,9.655,10.145,2,7.678
1195,5.3566666667,5.456,3,5.45
120,0.5,0.8109999999999999,3,0.6990000000000001
160,0.32,0.4,3,0.3085714286
350,10.593,9.127,2,9.294
1310,2.705,2.7489999999999997,2,3.117
265,1.3780000000000001,1.3780000000000001,3,2.401
30,1.351,0.9209999999999999,3,1.4669999999999999
485,5.61875,8.4077777778,3,5.0557142857
75,0.25333333329999996,0.41600000000000004,2,0.39399999999999996
960,13.741111111099999,12.789000000000001,2,13.377
455,19.877,17.305,3,17.399
35,0.75,0.915,3,0.7855555556
1210,6.29,5.817,3,5.8
710,6.773,8.163,2,7.646
275,4.505,3.7110000000000003,3,4.239
815,10.716,10.847999999999999,3,13.228
610,8.039,10.232999999999999,3,8.762
1010,18.296,17.463,3,24.994
620,11.86,9.689,3,9.39
705,6.1,6.1,3,6.756
295,5.355,4.583,3,3.799
780,7.349,6.632000000000001,3,8.735
1395,2.311,2.311,3,1.54
585,5.6111111111000005,5.0328571429,3,5.355
465,13.462,13.800999999999998,2,11.455
780,6.289,5.965,3,6.843
660,5.5,6.0111111111,3,5.773
1080,16.261,13.263,2,13.425
145,0.0,0.4388888889,2,0.23399999999999999
25,1.1320000000000001,0.863,3,1.285
1370,1.473,3.077,2,1.217
715,8.484,7.891,2,6.311
280,5.882000000000001,3.285,2,4.65
70,0.3171428571,0.9,3,0.86125
1135,7.7771428571,8.925,3,6.9444444444
1060,16.706,11.162,2,13.232999999999999
365,7.022,8.221,3,7.36
665,10.829,8.655,3,8.566
715,3.833,6.12375,3,6.5425
1045,17.32,16.5425,3,14.845555555599999
5,1.295,1.4688888888999998,3,0.9059999999999999
425,6.0911111111,6.0911111111,3,5.2966666667
210,0.3342857143,0.42666666670000003,3,0.9644444444
635,7.5889999999999995,5.056,2,6.382999999999999
355,7.117000000000001,7.117000000000001,3,5.863333333300001
665,11.366,7.917000000000001,3,8.41
1315,3.4010000000000002,2.977,2,3.515
1140,7.622000000000001,9.111,3,8.84
590,4.346,5.0244444444,3,4.694
145,0.506,0.5720000000000001,3,0.579
1005,20.173,28.256,3,22.643
570,11.561,10.767000000000001,3,9.949
925,16.544,15.345,3,14.577
165,0.4875,0.5866666667,3,0.2466666667
1435,0.728,1.21,2,0.478
105,0.5625,0.1544444444,2,0.0866666667
160,0.07200000000000001,0.07200000000000001,3,0.51
1395,1.73625,1.9680000000000002,3,1.1757142857
1240,6.656000000000001,8.177,3,7.132999999999999
1015,12.198888888900001,13.144,3,14.937999999999999
450,17.383,18.692999999999998,3,20.928
490,10.089,11.444,2,8.9875
665,4.773,4.773,3,5.078
1180,9.249,9.599,3,10.284
1030,12.684000000000001,12.926666666700001,3,15.025555555599999
1000,19.656,20.511,3,17.463
380,9.4,11.372,2,8.706
1360,2.6244444444,2.807,3,2.89625
1310,3.8680000000000003,3.5944444444,3,3.113
715,5.7088888889,6.898,3,7.61125
1365,2.8,2.3516666667,3,2.2159999999999997
1415,0.9259999999999999,1.073,2,0.5379999999999999
1095,11.507,12.068,2,11.883
1170,5.294,4.59,2,4.856
875,9.089,9.571,2,10.468
755,8.722999999999999,7.877000000000001,2,7.94
1265,6.354,6.155,3,7.045
1415,0.8333333333,1.195,3,1.1111111111
210,0.43200000000000005,0.43200000000000005,3,0.9
425,13.356,14.337,3,14.538
520,10.806,10.012,2,10.213
1400,3.616,3.071,3,2.6289999999999996
540,7.655,10.677,2,7.051
1160,5.907,5.641,2,4.59
1030,14.09,14.09,3,14.729000000000001
1335,1.8980000000000001,2.1,2,2.444
1340,5.754,6.155,3,5.494
1005,17.463,19.656,3,18.296
605,8.795,9.306000000000001,3,9.727
10,0.789,0.7659999999999999,2,1.082
1240,5.287999999999999,4.1355555556,3,4.766
590,10.285,10.703,3,11.911
220,0.5720000000000001,1.412,2,1.445
200,0.444,0.444,3,0.4133333333
975,12.958,10.289000000000001,2,14.360999999999999
810,8.405,9.735,2,9.857000000000001
1180,4.901,6.612,3,5.162000000000001
765,12.927999999999999,13.665999999999999,3,13.876
1375,2.066,2.339,2,1.295
970,12.4914285714,13.72875,3,12.7
605,7.061,6.938,2,6.3389999999999995
600,10.111,11.911,3,10.517000000000001
1290,2.928,2.128,2,3.217
655,9.139,6.961,2,6.612
730,11.144,9.578,3,10.066
335,9.618,7.678999999999999,2,8.211
790,11.139000000000001,11.433,3,10.016
230,1.4680000000000002,0.878,3,1.085
1085,12.157,10.044,3,11.799000000000001
1190,6.132999999999999,6.132999999999999,3,6.6585714286
1095,12.895,11.799000000000001,3,11.661
890,21.987,18.36,3,19.566
835,7.461,7.706,3,8.7
410,14.872,14.5325,3,11.915
315,5.204,3.66,3,5.8660000000000005
690,5.4311111111,4.6339999999999995,3,5.5142857143
1240,4.567,4.195,3,3.889
320,2.52,2.655,3,2.3775
630,5.694,5.417000000000001,3,4.66
900,10.933333333299998,10.933333333299998,3,11.825
1195,7.604,7.566,3,8.199
440,12.805,14.355,3,14.501
1285,5.982,6.016,3,5.737
1315,4.138999999999999,4.138999999999999,3,3.306
310,4.899,4.599,2,4.772
475,22.799,17.862000000000002,3,14.706
1420,1.485,1.9069999999999998,2,1.077
1160,6.2225,7.928,3,5.55
650,4.338,4.0371428571,3,6.0111111111
300,5.171,4.445,2,4.599
335,4.861000000000001,3.4928571429,3,3.4811111111
370,7.36,7.022,3,9.417
250,1.501,1.05,2,2.072
1290,7.261,7.439,3,6.082999999999999
500,7.0688888889,4.1844444444,3,4.845
950,12.401111111099999,13.23,3,13.815
1375,1.9566666667,2.2159999999999997,3,1.456
1105,13.093,13.433,3,11.873
590,11.124,10.715,3,10.145
1265,2.972,2.3169999999999997,2,2.9339999999999997
1315,8.395,5.367000000000001,3,7.2379999999999995
1070,11.061,13.232999999999999,2,14.129000000000001
1170,6.015,5.55,3,6.612
315,4.772,4.899,2,7.49
585,10.703,10.222000000000001,3,10.285
725,12.94,13.173,3,11.944
760,13.665999999999999,11.477,3,12.927999999999999
315,7.193,6.066,2,6.832999999999999
775,6.691111111100001,6.691111111100001,3,6.372000000000001
1225,8.123,6.955,3,5.655
1420,2.094,2.779,3,2.083
185,0.539,0.301,3,0.16699999999999998
650,8.555,6.816,2,7.6610000000000005
1405,1.2,1.389,2,1.305
295,5.617999999999999,5.055,2,4.26
1030,25.395,20.483,3,20.355
1355,3.01,3.555,3,2.627
840,7.4611111111,8.4622222222,3,7.645
280,2.51625,2.75125,3,3.9114285713999997
220,0.484,0.828,3,1.016
1000,28.256,28.629,3,20.173
365,8.027000000000001,7.977,3,8.855
1415,1.9069999999999998,1.64,2,1.485
25,0.82625,0.466,2,0.738
1320,2.447,3.117,2,1.6280000000000001
530,10.710999999999999,10.213,2,10.677
695,6.362222222200001,4.9755555556,3,5.7088888889
345,5.85,5.85,3,6.55
275,3.668,3.4389999999999996,2,5.62
735,6.54875,6.3875,3,5.95
415,9.516,11.783,2,9.467
735,7.816,8.033,2,7.2170000000000005
420,14.337,17.695,3,13.356
950,15.434000000000001,16.211,3,13.345
1300,3.35,5.15375,2,3.801
630,5.056,7.21,2,7.5889999999999995
1110,11.466,10.649000000000001,3,10.449000000000002
1395,2.213,0.9490000000000001,3,1.7169999999999999
215,0.423,0.2,2,1.16
915,10.482000000000001,9.527000000000001,3,11.655999999999999
1320,3.306,3.306,3,3.266
1050,14.845555555599999,17.32,3,16.7071428571
820,8.674,6.777,3,7.711
85,0.589,0.395,3,0.161
830,12.599,14.300999999999998,3,11.772
1075,12.1477777778,13.267000000000001,3,11.995
240,0.5255555556,0.5255555556,3,0.9244444444
745,7.1055555556,7.1055555556,3,7.556
1075,13.267000000000001,19.459,3,10.044
925,12.800999999999998,9.173,2,12.523
1065,18.227999999999998,29.028000000000002,3,16.801
900,13.384,14.783,3,12.757
1425,0.8220000000000001,1.2990000000000002,3,0.983
205,0.42666666670000003,0.735,3,0.3342857143
300,2.5866666667,2.6533333333,3,3.05625
265,3.056,2.7939999999999996,3,2.64
875,11.115,13.323,2,9.812000000000001
1055,14.522,13.289000000000001,3,13.5922222222
1075,13.594000000000001,13.594000000000001,3,13.288
1360,4.033,3.943,3,4.093
415,6.6677777778,8.084,3,6.055714285700001
1130,10.017000000000001,9.117,3,9.111
520,13.345,12.322000000000001,3,12.595
15,1.3277777778,0.9059999999999999,3,0.863
0,0.478,0.728,2,0.6729999999999999
990,14.140999999999998,13.614,2,14.923
1280,3.4528571429,4.7275,3,3.634
840,8.122,7.9079999999999995,2,9.122
675,5.267,5.267,3,6.0225
1230,5.3211111111000005,5.3211111111000005,3,5.2088888889
440,7.96,5.644,3,7.735
890,11.1,10.995,2,10.745999999999999
1095,13.112,13.755999999999998,3,11.923
695,6.977,7.361000000000001,2,8.334
1045,12.905999999999999,13.144,2,15.978
1150,8.443999999999999,8.84,3,9.837
1025,20.483,27.76,3,25.395
615,8.762,8.039,3,9.656
1035,15.025555555599999,12.684000000000001,3,16.5425
250,0.522,0.816,3,1.0677777778
880,9.776,10.556,3,10.922
645,9.895,9.783999999999999,3,10.017999999999999
480,6.112222222200001,5.727,3,6.2225
1390,1.777,1.472,2,1.456
325,7.155,5.8660000000000005,3,7.271
1250,4.75,5.0169999999999995,2,4.444
1040,13.546,12.411,2,16.234
525,10.213,10.806,2,10.710999999999999
780,6.535,8.3328571429,3,6.1477777778
255,2.294,1.9780000000000002,2,2.028
565,5.1175,5.1175,3,5.4577777778
205,0.978,0.937,2,0.47700000000000004
485,7.528,6.624444444400001,3,6.0214285713999995
975,12.67,12.745,2,13.270999999999999
55,0.35,0.344,3,0.434
1170,6.25,5.377000000000001,2,3.39
900,15.578,14.169,3,14.789000000000001
1255,6.149,5.755,3,5.723
390,7.516,9.828,2,8.058
435,9.002,9.677999999999999,2,9.655
45,0.67375,0.84,3,0.7583333333
600,10.962,8.517000000000001,3,10.232999999999999
795,11.335,11.567,3,12.379000000000001
365,8.25,7.066,3,9.177999999999999
1260,6.155,6.711,3,6.354
1035,14.6,15.084000000000001,3,14.401
1010,14.687000000000001,13.326666666700001,3,14.7088888889
855,9.08375,7.445,3,9.6411111111
280,4.239,4.505,3,4.416
745,13.878,12.628,3,13.110999999999999
460,7.1042857142999996,7.682,3,6.17375
805,7.53,7.1,3,8.3522222222
1130,9.323,9.323,3,8.051
1435,0.912,1.139,2,0.65
335,5.7655555556,5.7711111111,3,4.8642857143
1275,4.7044444444,3.75125,3,4.5942857143
1165,7.595,6.4,3,5.8425
965,25.218000000000004,23.434,3,17.055999999999997
1080,25.454,18.711,3,27.05
910,10.89,12.305,2,13.453
820,10.645999999999999,9.218,2,9.902000000000001
95,0.4114285714,0.6666666667,3,0.82
1150,7.632999999999999,6.321000000000001,2,4.923
1310,2.977,3.801,2,3.4010000000000002
115,0.47700000000000004,0.228,2,0.9440000000000001
1360,2.49,2.967,2,3.077
1385,2.782,1.8,3,3.4160000000000004
475,18.029,18.195999999999998,3,20.971
515,3.8014285714,6.249,3,6.0425
80,0.08,0.71375,2,0.4875
800,8.744,10.6366666667,2,11.182
805,9.039,8.929,2,7.49
380,4.9133333333,3.9433333333,3,5.0314285714
685,10.056000000000001,10.761,3,11.345
235,1.55,1.195,3,0.789
685,6.8,7.406000000000001,2,8.062000000000001
780,10.639000000000001,12.872,3,12.712
180,0.54125,0.45125,3,0.2288888889
1035,14.729000000000001,14.729000000000001,3,14.193
310,2.1488888888999997,2.1390000000000002,3,2.655
60,0.434,0.35,3,0.517
795,7.928999999999999,6.729,3,7.1
810,7.362,6.5188888889,3,6.777
1310,5.7522222222,4.971,3,4.6657142857
120,0.9440000000000001,0.47700000000000004,2,0.70875
320,6.022,5.432,2,6.816
1025,12.18,14.195,2,14.25
820,16.878,14.870999999999999,3,15.906666666700001
1405,2.6289999999999996,3.616,3,3.656
260,1.18125,1.16875,3,1.406
465,7.112,7.112,3,7.178
800,13.571,10.016,3,12.049000000000001
120,0.26375,1.01,3,0.278
1030,14.702,14.15,2,12.411
570,5.818,5.151,3,6.072222222200001
885,10.0377777778,10.8933333333,3,11.0377777778
135,0.645,0.2057142857,3,0.312
1005,15.901,17.487000000000002,2,12.915999999999999
130,0.156,0.156,3,0.4457142857
615,5.0866666667,4.895,3,4.4122222222000005
90,0.589,0.317,3,1.023
770,8.383,6.504,3,5.965
460,23.033,20.928,3,18.107
930,20.905,20.756,3,22.055
700,13.638,10.573,3,10.56
1300,5.9311111111,3.784,3,3.5944444444
360,7.478,9.539,2,8.045
345,10.655999999999999,8.632,3,12.093
75,0.71375,0.4188888889,2,0.08
725,8.149,6.311,2,7.577999999999999
50,0.594,0.639,2,0.8440000000000001
990,15.625,15.625,3,14.1828571429
1415,1.755,1.305,2,1.155
535,5.4566666666999994,6.623333333300001,3,4.377
390,5.699,5.122000000000001,3,6.316
5,1.51,0.863,3,1.2
1185,6.455,6.455,3,6.132999999999999
1435,1.044,1.311,3,1.077
215,0.35600000000000004,1.122,3,0.856
335,8.661,6.4270000000000005,3,8.449
10,1.2,1.51,3,0.733
860,9.6411111111,9.08375,3,8.5
915,15.5,16.241,3,15.345
470,11.761,14.017999999999999,2,10.523
210,1.145,0.512,3,0.884
490,5.0557142857,5.61875,3,4.85
500,11.489,12.499,3,11.512
920,15.345,15.5,3,16.544
395,7.461,7.461,3,8.11
1070,13.878,13.878,3,13.594000000000001
470,12.745,11.265999999999998,2,11.128
800,12.379000000000001,11.335,3,12.287
1365,3.062,3.062,3,2.795
985,16.2628571429,16.2628571429,3,15.625
1185,7.015,8.005,3,7.566
795,5.7533333333000005,5.7533333333000005,3,6.785
1240,4.482,4.332,2,4.306
1220,4.4857142857,5.005,3,4.828
595,8.517000000000001,10.872,3,10.962
190,0.9440000000000001,0.38875,2,0.672
155,0.23399999999999999,0.23399999999999999,2,0.7477777778
740,7.452000000000001,7.455,2,7.122000000000001
1265,3.6180000000000003,2.588,2,3.449
660,7.917000000000001,10.04,3,11.366
835,8.628,8.516,2,8.639
1175,5.1175,5.8425,3,6.1339999999999995
480,10.777999999999999,10.523,2,6.8839999999999995
375,5.7142857143,5.7142857143,3,6.294285714299999
1280,4.628,5.5611111111,3,4.55
35,0.7977777778,0.738,2,0.5733333333
1380,2.294,2.544,3,2.282
600,9.306000000000001,10.145,3,8.795
1190,7.0120000000000005,5.872000000000001,2,6.441
95,0.639,0.639,3,0.561
1285,5.316,7.232,3,4.488
295,4.65,5.021,3,4.399
1155,6.29,6.5760000000000005,3,6.4
1050,22.131999999999998,25.034000000000002,3,20.19
805,12.287,12.379000000000001,3,10.847999999999999
825,9.902000000000001,10.645999999999999,2,10.86125
1145,5.894,8.138,3,7.511
1210,8.067,7.466,3,7.539
355,9.316,10.427999999999999,3,8.221
1235,5.4270000000000005,6.084,2,6.053999999999999
445,7.784444444400001,6.685,3,6.2528571429
15,1.2770000000000001,1.068,2,0.973
505,12.328,11.254000000000001,3,11.949000000000002
1180,7.84,7.84,3,6.455
50,1.133,0.9390000000000001,3,0.9
220,1.123,0.884,3,1.034
170,0.7575,0.3085714286,3,0.45125
710,6.12375,5.927142857100001,3,3.833
1220,3.295,5.292000000000001,2,4.671
280,5.62,3.668,2,4.323
385,9.055,9.455,3,12.517000000000001
210,0.47700000000000004,0.978,2,1.412
625,9.235,9.656,3,8.577
240,0.516,1.1,3,0.588
480,10.012,11.128,2,12.827
495,6.3833333333,6.3833333333,3,5.711
955,12.789000000000001,14.238571428599998,2,13.741111111099999
1005,12.4816666667,14.612,2,14.4077777778
485,17.695999999999998,20.971,3,12.922
600,7.22875,5.305,3,4.0857142857
1135,8.051,8.051,3,7.382999999999999
340,4.8642857143,5.7655555556,3,6.0122222222
170,0.1666666667,0.42666666670000003,2,0.7888888889
215,0.884,1.145,3,1.123
640,9.783999999999999,9.66,3,9.895
1425,1.077,1.485,2,1.139
1355,1.005,1.739,2,1.344
1010,23.410999999999998,17.144000000000002,3,18.232
510,10.505999999999998,8.929,2,8.661
1165,6.415,6.415,3,6.333333333300001
295,4.2989999999999995,5.195,3,4.066
680,10.761,9.39,3,10.056000000000001
1305,7.85,6.577999999999999,3,5.367000000000001
1405,1.473,1.7169999999999999,3,1.3659999999999999
205,0.516,0.43799999999999994,3,0.222
360,9.861,8.899,2,6.556
975,14.4755555556,14.4755555556,3,12.63375
1220,8.927,7.539,3,9.372
490,12.172,11.715,3,12.533
360,9.512,9.294,2,8.022
540,10.035,8.941,2,6.96
75,0.423,0.517,3,0.589
1225,5.183,5.1666666667,3,5.303999999999999
90,0.534,0.534,3,0.639
1060,29.028000000000002,20.820999999999998,3,18.227999999999998
555,7.434,8.417,2,10.145
180,0.301,1.012,3,0.539
450,7.073333333300001,4.69,3,7.682
1230,5.7379999999999995,6.555,3,5.233
120,0.462,0.462,3,0.078
1250,5.7829999999999995,7.132999999999999,3,6.482
215,0.9,0.9,3,1.084
1390,1.334,2.0177777778,3,2.467
1195,5.806,5.544,3,6.257000000000001
1000,15.263333333299999,15.263333333299999,3,11.855
455,7.682,7.073333333300001,3,7.1042857142999996
1335,2.75,2.95125,3,3.245
95,0.2411111111,0.2466666667,2,0.161
680,6.0225,6.0225,3,5.6770000000000005
225,0.785,1.249,3,0.946
560,11.565999999999999,10.828,3,11.572000000000001
210,1.122,0.489,3,0.35600000000000004
100,0.294,0.3,3,0.34
25,0.852,0.852,3,1.413
1325,1.6280000000000001,2.447,2,2.1
190,0.3675,0.355,3,0.28800000000000003
1040,20.372,20.355,3,25.034000000000002
60,0.48,0.4933333333,3,0.7425
320,5.566,5.316,3,8.094
1010,13.595999999999998,13.468,3,13.495
750,7.472,7.255,2,8.716000000000001
975,11.6875,10.6514285714,3,13.05
560,4.5444444444,5.118,3,5.7142857143
155,0.8390000000000001,0.638,3,0.528
1150,6.766,6.222,2,7.94
1190,4.534,6.129,2,3.909
325,2.3775,2.52,3,3.4928571429
1045,25.994,18.166,3,17.555999999999997
220,1.249,0.629,3,0.785
730,11.944,12.94,3,13.339
130,0.884,0.6990000000000001,3,0.462
720,11.633,11.07,3,9.578
750,12.158,10.860999999999999,3,10.51
485,11.444,9.994,2,10.089
885,10.922,9.776,3,9.912
1125,8.81,8.5722222222,3,8.925
910,16.241,12.757,3,15.5
210,0.2,0.44,2,0.423
1235,5.2088888889,5.2088888889,3,4.412
30,0.54,1.0270000000000001,3,0.8170000000000001
1120,8.539,9.95,2,11.128
375,5.205,3.054,3,4.1819999999999995
65,0.5811111111,0.4755555556,2,0.41600000000000004
915,10.405999999999999,9.301,2,11.717
190,0.306,0.306,3,0.07200000000000001
205,0.217,0.384,3,0.723
1130,8.662,9.317,2,7.127999999999999
1260,2.3169999999999997,2.439,2,2.972
1255,3.917,3.128,2,2.588
940,10.537,10.344000000000001,2,14.399000000000001
1350,4.611000000000001,4.849,3,3.5439999999999996
1105,10.684000000000001,11.923,3,10.36
1210,5.228,6.801,2,5.292000000000001
1250,4.261,4.766,3,5.22375
1130,7.807,8.328,2,6.728
210,0.723,0.217,3,0.828
1080,10.044,13.267000000000001,3,12.157
1255,6.711,7.806,3,6.155
85,0.579,0.37799999999999995,3,0.512
890,9.912,10.922,3,10.074444444400001
525,11.962,10.145,2,10.195
530,6.623333333300001,6.646,3,5.4566666666999994
510,12.020999999999999,11.512,3,12.179
515,13.529000000000002,12.377,3,12.283
1155,9.077,9.14,3,8.816
1215,7.795,7.706,3,10.562999999999999
1350,3.045,2.6914285714,3,2.807
1000,17.487000000000002,12.216,2,15.901
250,1.9769999999999999,1.238,3,1.517
120,0.14400000000000002,0.624,3,0.36
770,9.677999999999999,8.495,2,9.094
715,5.922000000000001,9.029,2,7.746
0,1.194,1.194,3,1.35
935,10.0785714286,9.689,3,12.128
350,6.266,4.838,3,4.677
785,7.757000000000001,6.638,2,6.4816666667
20,0.98,0.733,3,0.9490000000000001
190,0.713,0.38299999999999995,3,0.239
170,0.695,1.2009999999999998,3,0.983
880,9.812000000000001,11.115,2,12.817
170,0.3266666667,0.222,3,0.828
440,6.685,7.042999999999999,3,7.784444444400001
660,8.439,6.023,2,6.712999999999999
1020,27.76,23.379,3,20.483
1205,5.817,5.655,3,6.29
1055,15.265555555599999,15.265555555599999,3,13.572000000000001
45,1.5119999999999998,0.8340000000000001,3,0.445
1155,7.6585714286,7.6585714286,3,6.50125
1330,3.122,3.199,2,2.722
300,4.399,4.65,3,3.71
1195,5.4733333333,5.0825,3,5.655
1360,2.3516666667,2.4330000000000003,3,2.8
1180,6.211,5.8839999999999995,2,5.872000000000001
1060,12.700999999999999,13.195,2,15.116
240,1.8730000000000002,1.3619999999999999,2,1.2109999999999999
490,5.24,5.24,3,6.3833333333
405,6.956,6.4811111111,3,8.084
940,10.77875,11.715,3,13.23
1200,7.195,8.599,3,7.466
400,14.520999999999999,13.300999999999998,3,14.888
415,6.305,6.211,3,5.178999999999999
750,6.5642857142999995,8.20875,3,6.7588888889
1090,12.068,9.521,2,11.507
35,0.8170000000000001,0.54,3,0.8340000000000001
1055,20.820999999999998,17.555999999999997,3,29.028000000000002
575,11.667,12.687999999999999,3,10.222000000000001
950,12.106,10.534,2,12.822000000000001
735,5.992999999999999,5.75,3,6.861000000000001
580,12.339,10.499,3,10.715
365,8.022,9.512,2,7.627000000000001
565,9.998,10.695,3,12.687999999999999
205,0.649,0.698,2,0.6111111111
100,0.1544444444,0.37799999999999995,2,0.5625
305,4.599,5.171,2,4.899
255,1.16875,0.522,3,1.18125
1055,14.60625,20.7777777778,3,15.0444444444
650,7.816,9.652000000000001,2,6.023
1345,3.117,2.3040000000000003,2,2.877
945,11.666666666700001,11.666666666700001,3,14.720999999999998
740,6.789,11.168,2,7.255
500,4.86,5.33,3,5.60375
230,1.123,1.016,3,1.077
910,9.527000000000001,10.51875,3,10.482000000000001
795,6.5,6.4214285714,3,8.65
835,9.06125,8.267999999999999,3,9.177
1315,4.6657142857,5.7522222222,3,3.216
285,4.323,5.62,2,5.916
1330,2.95125,2.727,3,2.75
1300,6.112,6.41,3,5.901
730,6.3875,6.3577777778,3,6.54875
250,0.856,1.25,3,2.4819999999999998
830,8.15,8.872,2,7.9079999999999995
960,11.1985714286,11.1985714286,3,11.338
105,0.511,0.583,3,0.917
615,9.717,9.727,3,9.039
640,8.927999999999999,7.541,2,6.816
230,1.412,1.237,2,1.3619999999999999
1410,1.305,1.2,2,1.755
360,7.066,10.822000000000001,3,8.25
635,10.067,10.417,3,11.15
865,10.23,8.738999999999999,2,9.571
515,8.661,10.505999999999998,2,11.105
955,18.86,26.962,3,23.434
1355,2.167,2.206,2,1.8730000000000002
900,10.845555555599999,10.074444444400001,3,10.51875
1205,8.544,6.1339999999999995,3,8.522
360,3.6922222222000003,5.2457142857,3,5.34
880,26.54125,17.972,3,18.36
1280,4.277,4.485,2,5.1339999999999995
655,7.6610000000000005,8.555,2,6.773
1330,6.027,8.167,3,5.449
440,15.427,13.26,3,16.855
1095,10.9175,12.7711111111,3,12.022
120,0.156,0.54,3,0.3675
70,0.4188888889,0.5922222222,2,0.71375
1390,1.389,1.256,2,1.212
895,8.707,9.566,3,9.773
1240,6.1610000000000005,6.132000000000001,3,5.782
390,8.3644444444,5.0314285714,3,7.3411111111
0,1.4688888888999998,0.721,3,1.295
105,0.37,0.161,2,0.228
1220,2.249,4.051,2,5.322
1070,16.801,18.227999999999998,3,18.711
745,7.676666666699999,5.95,3,7.6188888889
920,11.655999999999999,10.482000000000001,3,7.388999999999999
280,4.199,3.1660000000000004,3,5.334
1215,5.292000000000001,5.228,2,3.295
625,5.4811111111,5.6055555556,3,5.8825
475,11.128,12.745,2,10.012
1000,21.044,17.965999999999998,3,17.144000000000002
525,13.854000000000001,12.283,3,14.402999999999999
330,7.678999999999999,6.428,2,9.618
350,10.039,9.71,3,10.822000000000001
410,17.255,15.960999999999999,3,16.066
1050,13.289000000000001,14.039000000000001,3,14.522
1360,2.6422222222,2.6422222222,3,3.062
905,10.639000000000001,9.773,3,10.616
140,0.312,0.28800000000000003,3,0.15
955,11.3257142857,13.6922222222,3,11.5677777778
655,10.04,10.017999999999999,3,7.917000000000001
1305,3.34,2.4130000000000003,2,2.9219999999999997
865,8.57625,11.437999999999999,3,9.493
1015,15.367,15.367,3,16.233
760,7.94,8.722999999999999,2,8.495
65,0.672,0.672,3,0.606
730,7.577999999999999,8.149,2,7.455
830,8.516,8.794,2,8.628
1105,10.677,11.332,3,9.722000000000001
270,3.4389999999999996,2.379,2,3.668
140,0.0,0.134,3,0.2057142857
685,5.1966666667000005,6.7542857143,3,5.904285714299999
255,2.4819999999999998,0.856,3,2.7939999999999996
985,18.243,16.0,3,18.344
1350,3.4739999999999998,3.4739999999999998,3,2.9219999999999997
920,19.271,20.139,3,20.756
910,9.301,10.873,2,10.405999999999999
1010,13.144,14.3511111111,3,12.198888888900001
1420,0.5379999999999999,0.9259999999999999,2,1.0170000000000001
625,7.21,6.64,2,5.056
1160,6.50125,6.50125,3,6.415
1060,11.982999999999999,11.995,2,9.879
920,14.220999999999998,13.552,3,14.720999999999998
525,9.589,11.105,2,10.695
925,11.42875,12.21,3,12.006666666700001
1085,14.378,19.867,3,13.755999999999998
935,16.288,14.577,3,13.822000000000001
1215,5.233,6.4225,3,7.623333333300001
1325,8.167,7.2379999999999995,3,6.027
1370,3.505,3.7060000000000004,3,3.1430000000000002
1100,12.022,10.9175,3,10.822000000000001
525,5.961,6.0488888889,3,6.707000000000001
1005,17.144000000000002,21.044,3,23.410999999999998
200,0.43799999999999994,0.28800000000000003,3,0.516
735,13.339,11.944,3,12.628
1290,4.7166666667,4.435,3,3.784
165,0.51,0.51,3,0.28800000000000003
220,0.9057142856999999,0.9644444444,3,1.23625
1360,1.8730000000000002,2.167,2,2.04
1205,5.1666666667,5.1666666667,3,5.5555555556
945,21.888,23.721999999999998,3,21.416
1310,3.906,5.1160000000000005,3,4.955
680,13.049000000000001,9.845,3,11.844000000000001
525,10.117,12.078,3,13.162
1410,1.195,1.57,3,0.8333333333
675,7.606,9.855,2,7.266
1115,10.055,9.796,3,8.5722222222
1280,3.133,3.177,2,2.128
320,3.4339999999999997,3.3675,3,4.5071428571
1305,3.801,3.35,2,2.977
1230,4.7777777778,5.638999999999999,3,4.0555555556
1215,5.005,6.0166666667,3,4.4857142857
1345,4.849,4.64,3,4.611000000000001
745,8.20875,6.5228571428999995,3,6.5642857142999995
1175,3.39,6.25,2,5.401
1025,12.544,12.806,2,13.561
585,4.789,6.129,3,5.0177777778
1370,2.917,2.89625,3,2.544
395,13.012,12.517000000000001,3,13.25
1190,5.544,6.006,3,5.806
1170,7.966,8.816,3,10.027000000000001
45,0.20600000000000002,0.978,2,0.4322222222
815,6.777,7.362,3,8.674
1170,6.343999999999999,8.1,2,5.8839999999999995
520,12.078,12.179,3,10.117
1340,3.245,2.75,3,2.3155555556
90,0.512,0.579,3,0.618
965,14.1288888889,10.956,3,11.4322222222
190,0.24,0.39,3,0.3085714286
1400,2.622,3.5610000000000004,3,2.039
415,17.695,15.705,3,14.337
520,12.283,13.529000000000002,3,13.854000000000001
460,24.115,18.239,3,18.91
470,17.862000000000002,18.107,3,22.799
315,5.316,3.1,3,5.566
20,0.466,1.082,2,0.82625
1365,3.077,2.49,2,1.473
235,1.4880000000000002,1.2329999999999999,2,1.639
470,7.178,7.178,3,6.44625
1205,4.449,4.005,2,4.939
15,0.733,1.2,3,0.98
1245,5.457000000000001,5.457000000000001,3,4.9239999999999995
1400,2.9610000000000003,3.0380000000000003,3,2.155
895,10.745999999999999,11.1,2,9.112
105,0.4188888889,0.82,3,0.58
240,1.439,1.077,3,1.238
980,22.779,23.078000000000003,3,17.122
290,4.89,4.556,2,6.234
40,0.5975,0.5975,3,1.0925
395,8.446,9.878,2,10.800999999999998
420,10.522,9.367,2,9.033
690,4.9755555556,6.3955555556,3,6.362222222200001
1210,5.5555555556,5.5555555556,3,6.289
370,4.4375,5.34,3,4.1422222222
395,9.17375,6.1485714286,3,6.7385714286
400,6.099,6.316,3,6.5988888888999995
1300,5.194,5.194,3,4.8389999999999995
830,8.267999999999999,9.86,3,9.06125
1325,2.85375,3.3569999999999998,3,3.0625
200,0.735,0.605,3,0.42666666670000003
780,7.337999999999999,9.094,2,7.0729999999999995
165,0.3085714286,0.32,3,0.7575
1190,5.0825,4.8633333333,3,5.4733333333
1340,2.3040000000000003,2.722,2,3.117
1200,6.1,6.1,3,5.1666666667
1250,3.4622222222000003,3.889,3,3.267
85,0.516,0.516,3,0.534
760,7.428,6.322,3,6.504
1395,1.212,1.389,2,1.494
855,10.728,10.728,3,9.078
1065,13.645999999999999,13.645999999999999,3,13.878
1130,8.925,8.81,3,7.7771428571
800,10.789000000000001,9.038,2,9.735
345,9.71,8.449,3,10.039
375,9.927999999999999,8.855,3,9.705
100,0.82,0.4114285714,3,0.4188888889
510,4.691111111100001,6.2925,3,4.4388888889
300,1.9680000000000002,2.18125,3,2.1390000000000002
1385,2.178,2.2,3,2.201
125,0.361,0.6829999999999999,3,0.45
1375,2.0471428571,2.3711111111000003,3,3.0475
1265,4.25,5.1355555556,3,3.75125
825,7.711,8.674,3,7.706
1330,4.461,5.193,3,5.132999999999999
860,9.449,8.966000000000001,2,10.939
1395,1.6909999999999998,1.729,2,1.389
350,9.422,6.655,2,9.539
795,10.6366666667,6.4816666667,2,8.744
1070,12.457,15.116,2,13.263
455,6.3388888889,7.289,3,6.674444444400001
585,9.277999999999999,8.445,2,7.077000000000001
765,10.9533333333,8.766666666699999,2,9.611
995,17.965999999999998,15.39,3,21.044
20,0.555,1.0855555556,3,0.774
515,12.322000000000001,11.949000000000002,3,13.345
1055,20.19,22.131999999999998,3,22.61
1125,10.377,9.922,3,10.377
605,4.0857142857,7.22875,3,4.895
1210,6.4225,4.473,3,5.233
1085,10.195,11.995,3,13.079
0,0.871,1.5325,3,1.8414285713999998
595,8.307,8.111,2,6.938
1150,6.5760000000000005,7.226,3,6.29
405,12.607000000000001,10.800999999999998,2,11.0
145,0.285,0.312,3,0.36
915,9.161,12.4357142857,3,12.21
905,10.873,10.389000000000001,2,9.301
170,0.6829999999999999,1.056,3,1.012
1020,13.64,13.495,3,14.594000000000001
1120,9.177999999999999,9.177999999999999,3,8.921
810,10.847999999999999,12.287,3,10.716
1425,2.083,2.094,3,2.4219999999999997
1025,14.594000000000001,13.64,3,14.705
800,8.65,6.5,3,7.416666666699999
1235,6.132000000000001,5.655,3,6.1610000000000005
555,10.828,10.884,3,11.565999999999999
1120,8.5722222222,10.055,3,8.81
490,12.872,11.395,3,12.499
1350,3.2680000000000002,3.71,3,2.4330000000000003
160,0.5866666667,0.39,3,0.4875
1145,6.222,7.212000000000001,2,6.766
455,7.266,7.266,3,6.289
500,10.689,8.917,2,8.929
650,5.195,4.789,3,8.4811111111
270,2.051,1.406,3,2.3644444444
285,5.334,4.199,3,5.195
1320,3.515,3.4010000000000002,2,3.199
1395,3.5610000000000004,2.201,3,2.622
950,13.6922222222,10.288,3,11.3257142857
955,12.822000000000001,12.106,2,13.66
1340,3.3125,3.1725,3,3.71
435,14.44,13.522,3,14.762
820,8.517000000000001,7.6770000000000005,2,8.872
810,7.49,9.039,2,7.6770000000000005
1085,27.05,25.454,3,15.279000000000002
275,3.285,3.556,2,5.882000000000001
460,14.712,12.255,2,11.265999999999998
1335,2.722,3.122,2,2.3040000000000003
190,0.1675,0.2288888889,3,0.605
1270,2.9339999999999997,2.972,2,2.25
625,9.9,9.039,3,10.417
1345,1.306,2.7,2,2.206
855,8.266,8.344,2,8.738999999999999
1395,1.456,1.777,2,1.6059999999999999
1210,8.522,8.544,3,8.355
1240,6.053999999999999,5.4270000000000005,2,5.0169999999999995
1145,6.537999999999999,6.537999999999999,3,6.472
840,12.685,11.772,3,13.218
1310,5.905,5.901,3,6.5329999999999995
735,11.168,7.834,2,6.789
1035,12.411,14.702,2,13.546
590,10.872,9.133,3,8.517000000000001
495,12.533,12.172,3,11.254000000000001
1380,1.8,3.582,3,2.782
790,6.667999999999999,6.667999999999999,3,5.7533333333000005
495,5.33,6.0214285713999995,3,4.86
360,8.221,9.316,3,7.022
1110,11.873,13.093,3,12.401
750,13.110999999999999,13.878,3,11.477
1040,12.145,13.65,3,14.039000000000001
705,8.163,9.982999999999999,2,6.773
305,1.8459999999999999,2.6830000000000003,3,2.086
1390,0.9490000000000001,2.282,3,2.213
55,0.4933333333,0.13,3,0.48
240,1.715,1.412,2,1.05
410,8.084,6.956,3,6.6677777778
45,0.6685714286,0.7855555556,3,0.6244444444
1035,13.234000000000002,14.25,2,14.524000000000001
1230,5.033,4.828,3,4.195
855,15.712,14.199000000000002,3,17.506
445,11.644,7.617000000000001,2,12.212
1290,4.373,4.55,3,3.176
315,3.7411111111,3.7411111111,3,3.38375
360,7.977,8.627,3,8.027000000000001
210,0.222,0.516,3,0.7440000000000001
1340,2.444,1.8980000000000001,2,2.406
220,1.16,0.423,2,1.237
1195,8.189,8.172,3,6.1339999999999995
295,2.6533333333,3.9742857143,3,2.5866666667
870,22.055999999999997,18.160999999999998,3,17.972
1145,6.321000000000001,6.95,2,7.632999999999999
10,0.65,0.9670000000000001,2,0.9279999999999999
1295,6.082999999999999,7.261,3,6.577999999999999
1330,5.015,5.237,3,6.155
570,4.272,6.205,3,5.4510000000000005
1425,2.967,3.2889999999999997,3,3.127
1275,6.855,6.855,3,4.6339999999999995
40,0.5733333333,0.7977777778,2,0.5660000000000001
470,18.29,19.082,3,18.616
475,5.712999999999999,7.065,3,8.4077777778
280,4.838,4.632,2,4.556
680,9.559,10.145,3,11.606
1370,2.3711111111000003,2.472,3,2.0471428571
550,9.806000000000001,10.962,3,8.684
290,2.9766666667000004,2.472,3,2.18125
515,5.894,5.894,3,5.372000000000001
1085,12.182,12.182,3,11.044
710,9.029,9.1,2,5.922000000000001
1300,5.242999999999999,4.683,3,5.1160000000000005
1245,5.782,6.1610000000000005,3,5.755
1335,5.449,6.027,3,6.606
1040,13.144,16.671,2,12.905999999999999
655,6.6722222222,6.6722222222,3,6.029
965,26.574,24.234,3,22.223000000000003
425,9.289,9.445,2,10.029
245,1.556,0.789,3,1.344
95,1.023,0.589,3,0.466
970,27.561,17.750999999999998,3,16.712
5,0.8390000000000001,0.8390000000000001,3,0.622
760,7.4175,6.7588888889,3,6.86
990,12.794,15.2,3,13.255999999999998
690,11.345,10.056000000000001,3,11.488
1290,4.488,5.316,3,4.683
155,0.32,0.21428571429999999,2,0.6733333333
355,8.899,8.782,2,9.861
235,1.3619999999999999,1.412,2,1.8730000000000002
335,7.65,5.978,3,8.632
935,13.232000000000001,12.196,3,14.975999999999999
1350,3.555,2.3155555556,3,3.01
105,1.016,0.466,3,0.667
530,5.205,5.205,3,4.8875
1160,7.138999999999999,4.923,2,5.377000000000001
415,11.915,14.872,3,12.705
880,10.8933333333,9.888,3,10.0377777778
265,1.406,1.18125,3,2.051
215,0.972,0.6111111111,2,1.061
210,0.618,0.78,3,0.629
875,9.888,10.7025,3,10.8933333333
570,12.687999999999999,9.998,3,11.667
65,0.7425,0.48,3,0.4322222222
825,8.794,10.146,2,8.516
700,5.7088888889,6.362222222200001,3,6.71375
285,4.317,4.317,3,4.454
1130,8.299,6.935,3,6.402
500,9.834,9.282,2,8.65
970,12.745,13.377,2,12.67
485,6.845,6.845,3,5.24
915,13.453,10.89,2,12.085
670,9.855,6.407,2,7.606
1110,9.722000000000001,10.677,3,9.61
15,1.2388888889,1.2388888889,3,1.139
1325,2.727,3.7439999999999998,3,2.95125
555,9.684,7.817,2,9.594
700,6.189,5.5142857143,3,6.203333333300001
1225,5.5,5.5,3,5.3211111111000005
945,10.534,10.005,2,12.106
1345,5.494,5.754,3,4.766
900,9.112,10.745999999999999,2,10.056000000000001
605,6.25,8.116,2,8.662
285,5.56,4.3839999999999995,3,4.583
1175,7.0811111111,7.0811111111,3,7.84
835,7.9079999999999995,8.15,2,8.122
240,1.639,1.4880000000000002,2,1.251
1015,11.722999999999999,13.322000000000001,2,13.534
1370,2.2159999999999997,2.8,3,1.9566666667
825,8.872,8.517000000000001,2,8.15
1095,12.19,13.079,3,11.332
445,5.8825,5.8825,3,6.3229999999999995
280,1.9011111111,1.9011111111,3,4.317
1075,22.21,18.099,3,19.867
495,12.499,12.872,3,11.489
610,4.25625,4.25625,3,5.44375
870,14.295,15.383,3,11.204
340,3.4811111111,4.861000000000001,3,5.82
825,9.51375,10.938888888900001,3,10.4725
1205,7.466,7.195,3,8.067
1170,8.856,7.327999999999999,3,9.265
35,0.35100000000000003,0.838,3,0.506
20,0.863,1.3277777778,3,1.1320000000000001
40,0.82,0.6466666667000001,3,0.8466666667
565,5.7142857143,4.5444444444,3,4.9433333333
920,11.717,10.405999999999999,2,11.262
1305,5.901,6.112,3,5.905
225,0.878,0.856,3,1.4680000000000002
1350,2.877,3.117,2,2.967
440,14.762,14.44,3,18.692999999999998
155,0.623,0.623,3,0.07200000000000001
575,7.751,7.678,2,7.428999999999999
425,5.189,6.055714285700001,3,6.688
1340,6.606,5.449,3,6.749
1065,22.028000000000002,22.61,3,19.459
1185,5.162000000000001,4.901,3,5.456
230,1.195,1.034,3,1.55
725,6.3577777778,7.0329999999999995,3,6.3875
50,0.4322222222,0.20600000000000002,2,0.6922222222
150,0.617,0.5379999999999999,3,0.534
385,10.765999999999998,10.306,3,10.588
505,8.65,9.834,2,8.652000000000001
375,8.889,9.177999999999999,3,10.306
85,0.317,0.589,3,0.589
345,5.82,3.4811111111,3,5.255
1140,7.212000000000001,8.946,2,6.222
235,1.085,1.4680000000000002,3,0.945
805,6.5188888889,7.961,3,7.362
730,6.723,6.723,3,6.1111111111000005
690,12.482999999999999,11.844000000000001,3,10.573
880,11.29,8.383,2,12.099
225,1.237,1.16,2,1.412
205,0.489,0.489,3,1.122
980,17.177,23.489,3,17.438
540,6.6610000000000005,5.872999999999999,3,5.994444444400001
130,0.14400000000000002,0.36,3,0.134
385,6.18875,5.0183333333,3,6.1485714286
1285,4.8389999999999995,4.8389999999999995,3,5.232
970,10.6514285714,12.9225,3,11.6875
765,10.856,11.123,3,12.056
785,6.843,6.289,3,6.729
315,3.3675,2.4842857143,3,3.4339999999999997
695,8.43,8.062000000000001,2,9.982999999999999
190,0.3944444444,0.6288888889,2,0.7609999999999999
330,5.978,8.094,3,7.65
1045,13.774000000000001,14.524000000000001,2,13.944
1110,9.796,10.822000000000001,3,10.055
365,3.623,3.1289999999999996,3,3.054
675,5.25625,5.7075,3,6.095
330,8.744,7.877999999999999,2,9.007
610,9.727,8.795,3,9.717
670,5.27,6.305,3,4.91875
590,5.0177777778,4.789,3,5.76375
1245,6.127999999999999,6.356,3,7.806
490,6.0214285713999995,7.528,3,5.33
910,10.616,10.639000000000001,3,10.689
1275,5.5611111111,4.15,3,4.628
380,9.955,10.828,2,9.633
820,13.228,10.716,3,13.772
870,9.493,8.57625,3,10.556
995,14.072000000000001,13.712,2,14.306
700,9.016,8.582,2,7.638
885,8.283,8.283,3,10.645
410,7.205,7.205,3,5.939
350,10.427999999999999,9.794,3,9.316
1270,7.045,6.354,3,6.132999999999999
420,13.895,16.066,3,12.405
1355,2.4330000000000003,3.2680000000000002,3,2.3516666667
780,6.638,9.878,2,7.757000000000001
765,10.038,9.294,2,7.535
825,14.300999999999998,13.434000000000001,3,12.599
540,11.977,11.927,3,10.962
260,2.551,1.517,3,2.8710000000000004
550,3.511,3.511,3,5.4388888889
305,3.05625,2.5866666667,3,2.4842857143
605,5.683,4.533,3,4.417
1435,1.528,0.983,3,0.863
1370,6.282,4.578,3,5.022
660,8.655,9.35,3,10.829
140,0.23399999999999999,0.23399999999999999,3,0.634
5,0.9670000000000001,0.65,2,0.65
1395,3.0380000000000003,3.4160000000000004,3,2.9610000000000003
225,1.173,1.061,2,1.278
45,0.9390000000000001,0.366,3,1.133
440,11.535,8.322000000000001,2,11.35
260,2.293,2.072,2,2.634
675,9.39,8.41,3,10.761
110,0.917,0.511,3,0.8220000000000001
255,2.072,1.501,2,2.293
850,13.599,13.966,3,17.049
940,23.721999999999998,22.055,3,21.888
615,7.867000000000001,6.279,2,6.64
445,4.69,7.80625,3,7.073333333300001
1430,2.4219999999999997,2.083,3,1.8769999999999998
1105,8.967,11.883,2,8.9
1400,1.9040000000000001,2.467,3,1.794
530,12.157,12.595,3,15.120999999999999
730,5.75,6.446000000000001,3,5.992999999999999
350,5.255,5.82,3,4.6175
935,13.05,12.39,3,12.6555555556
1380,4.821000000000001,5.022,3,3.965
865,8.5,9.6411111111,3,10.7025
410,6.211,6.5988888888999995,3,6.305
775,10.189,7.535,2,8.245
1425,1.242,1.242,3,1.028
345,9.127,8.601,2,10.593
80,0.37799999999999995,0.544,3,0.579
1260,4.579,4.579,3,5.2170000000000005
960,13.806,13.345,3,17.750999999999998
175,0.28800000000000003,0.28800000000000003,3,0.588
1020,14.195,16.046,2,12.18
1385,2.0177777778,3.0475,3,1.334
190,0.521,0.8390000000000001,3,0.556
430,13.522,12.405,3,14.44
400,6.4811111111,7.3411111111,3,6.956
510,6.249,4.845,3,3.8014285714
1295,3.6911111111,4.93875,3,4.511
560,10.311,8.684,3,10.767000000000001
1285,5.1339999999999995,4.277,2,3.366
1175,4.856,5.294,2,5.562
1200,5.835,6.441,2,6.801
0,1.077,1.044,3,1.81
75,0.6544444443999999,0.55,2,0.611
795,7.922000000000001,8.617,3,7.961
1165,5.55,6.2225,3,6.015
480,6.624444444400001,7.5,3,7.528
530,14.402999999999999,13.854000000000001,3,11.494000000000002
650,5.2775,5.55625,3,4.402222222200001
1320,3.3569999999999998,3.3,3,2.85375
715,10.238999999999999,9.455,3,11.110999999999999
45,1.0925,1.0925,3,0.97
395,7.3411111111,8.3644444444,3,6.4811111111
385,9.828,7.94,2,7.516
615,7.101,8.662,2,7.405
1135,6.728,7.807,2,6.367000000000001
195,0.556,0.521,3,0.623
545,10.962,11.977,3,9.806000000000001
1210,4.796,4.034,2,4.051
115,0.54,0.58,3,0.156
215,0.828,0.723,3,0.484
225,1.034,1.123,3,1.195
140,0.2655555556,0.4144444444,2,0.228
120,0.545,0.8220000000000001,3,0.4
110,0.667,1.016,3,0.8109999999999999
1385,3.965,4.821000000000001,3,3.787
325,7.877999999999999,6.832999999999999,2,8.744
260,2.028,2.294,2,2.379
585,5.0244444444,4.468,3,4.346
395,11.249,10.588,3,13.072000000000001
25,0.706,0.75,2,1.084
1335,2.655,2.461,2,2.7
995,14.923,14.140999999999998,2,14.612
1150,4.9925,6.1383333333,3,7.928
435,14.355,11.555,3,12.805
790,6.4214285714,6.1477777778,3,6.5
1135,9.422,10.377,3,8.567
700,8.334,6.977,2,9.1
1030,14.705,14.594000000000001,3,13.65
110,0.0866666667,0.5625,2,0.17333333329999998
585,10.715,12.339,3,11.124
260,1.76,1.76,3,1.3780000000000001
180,0.3333333333,0.078,2,0.6288888889
785,8.972999999999999,8.245,2,7.672999999999999
915,10.689,10.616,3,9.333
810,6.735,7.416666666699999,3,9.1028571429
640,6.205,4.66,3,4.789
1435,0.721,0.9790000000000001,3,1.4688888888999998
250,0.522,0.588,3,1.16875
825,13.772,13.228,3,13.248
1385,1.472,1.86,2,1.777
90,0.42700000000000005,0.628,3,0.42700000000000005
485,6.8839999999999995,10.777999999999999,2,11.189
725,8.291,7.6555555555999995,2,7.834
125,0.278,0.26375,3,0.294
130,0.44444444439999997,0.389,2,0.38299999999999995
1075,14.129000000000001,11.061,2,12.283
920,12.2666666667,12.2666666667,3,13.446
50,0.13,0.8466666667,3,0.4933333333
565,6.205,3.9,3,4.272
890,15.105,14.950999999999999,3,14.169
110,0.23399999999999999,0.34,3,0.624
995,28.629,25.284000000000002,3,28.256
960,10.387,13.815,3,13.72875
255,1.0866666667,1.0866666667,3,1.76
405,6.5988888888999995,6.099,3,6.211
785,7.0729999999999995,7.337999999999999,2,8.218
70,0.55,0.21600000000000003,2,0.6544444443999999
425,9.033,10.522,2,7.54
445,10.784,9.655,2,11.839
1355,3.943,4.766,3,4.033
835,8.4622222222,10.4725,3,7.4611111111
715,5.428,5.428,3,7.343999999999999
1200,4.654,3.909,2,4.034
355,4.6175,5.255,3,3.1289999999999996
280,4.3839999999999995,4.133,3,5.56
55,0.457,0.445,3,0.505
785,12.712,10.639000000000001,3,11.567
1060,13.572000000000001,13.572000000000001,3,13.645999999999999
170,0.2466666667,0.4875,3,0.84
890,9.584,12.099,2,9.755
460,6.289,6.289,3,7.112
1295,3.238,3.372,2,3.177
190,0.16699999999999998,0.539,3,0.517
525,5.5922222222,5.5922222222,3,5.205
300,4.066,4.2989999999999995,3,4.388999999999999
995,14.425999999999998,12.7033333333,3,12.833
685,4.6339999999999995,6.876666666699999,3,5.4311111111
10,1.068,0.6729999999999999,2,1.2770000000000001
95,0.07200000000000001,0.161,3,0.467
1345,6.749,6.606,3,4.51
425,12.405,13.895,3,13.522
1225,9.372,8.927,3,6.9
225,1.2588888889,1.2588888889,3,0.9890000000000001
865,15.849,12.685,3,14.729000000000001
475,10.523,11.761,2,10.777999999999999
435,9.285,10.029,2,7.617000000000001
1245,4.3333333333,4.0255555556000004,3,5.394
60,0.6729999999999999,0.9,3,0.705
900,18.479,19.566,3,26.378
1080,12.283,14.129000000000001,2,9.521
1380,1.456,1.9566666667,3,2.1222222222
905,10.51875,10.845555555599999,3,9.527000000000001
170,0.8340000000000001,0.723,3,0.695
105,0.2655555556,0.3633333333,2,0.57
1070,11.917,15.607000000000001,3,15.4983333333
75,0.86125,0.3171428571,3,0.66
1235,4.195,5.033,3,4.567
355,8.627,12.093,3,7.977
1110,9.9,8.99,3,9.7955555556
715,13.249,12.399000000000001,3,13.173
120,0.4144444444,0.17333333329999998,2,0.395
770,7.535,10.038,2,10.189
550,8.273,6.96,2,9.945
1335,3.585,3.585,3,3.353
1350,2.206,1.306,2,2.167
775,9.878,9.611,2,6.638
390,12.517000000000001,9.055,3,13.012
725,9.578,11.633,3,11.144
1275,3.177,3.449,2,3.133
310,2.086,1.8459999999999999,3,1.9509999999999998
320,3.38375,3.38375,3,3.5071428571
420,12.705,11.915,3,11.020999999999999
75,0.36200000000000004,0.606,3,0.395
435,5.644,6.688,3,7.96
710,6.044,6.203333333300001,3,6.227
415,9.367,11.0,2,10.522
695,11.488,11.345,3,11.561
890,16.055,14.667,3,14.783
35,0.6466666667000001,1.285,3,0.82
985,12.9688888889,12.8644444444,3,15.1025
895,9.4757142857,11.0377777778,3,10.005555555599999
100,0.466,1.023,3,1.016
1420,1.155,1.755,2,1.4669999999999999
675,5.6375,6.449,3,6.876666666699999
880,10.468,9.089,2,10.995
820,10.938888888900001,9.1028571429,3,9.51375
1335,3.1725,3.0625,3,3.3125
175,0.45125,0.7575,3,0.54125
1400,1.54,1.54,3,1.979
1045,16.234,13.546,2,15.177
90,0.561,0.4875,2,0.37799999999999995
985,11.765555555599999,6.835,2,13.712
710,9.455,9.329,3,10.238999999999999
615,5.44375,5.44375,3,4.3722222222000005
885,14.667,13.638,3,16.055
345,9.794,9.283,3,10.427999999999999
935,10.344000000000001,12.523,2,10.537
350,5.76375,6.0122222222,3,5.2457142857
785,11.433,10.960999999999999,3,11.139000000000001
1160,8.816,9.077,3,9.389
310,2.4842857143,3.05625,3,3.3675
1115,11.667,8.9,2,9.222999999999999
65,0.21600000000000003,0.5,2,0.55
500,5.711,5.711,3,6.2
450,6.3229999999999995,6.3229999999999995,3,7.266
90,0.37799999999999995,0.46799999999999997,2,0.6055555556000001
635,9.66,9.982999999999999,3,9.783999999999999
545,10.283,11.577,3,10.884
840,7.9633333333000005,7.9633333333000005,3,6.9455555555999995
340,8.449,8.661,3,9.71
295,6.234,4.89,2,4.529
60,0.7371428570999999,0.42,3,0.9
820,10.146,9.857000000000001,2,8.794
55,0.6922222222,0.4322222222,2,0.4755555556
20,0.973,1.2770000000000001,2,0.42
365,6.556,9.861,2,7.127000000000001
155,0.36444444439999996,0.41,2,0.625
1090,12.815,14.662,3,12.165
1245,4.766,5.287999999999999,3,4.261
1200,6.1339999999999995,8.189,3,8.544
1040,14.524000000000001,13.234000000000002,2,13.774000000000001
440,8.8328571429,8.8328571429,3,5.8825
975,23.489,22.223000000000003,3,17.177
50,0.445,1.5119999999999998,3,0.457
480,6.0555555556,6.0555555556,3,6.845
175,0.261,0.5988888889,2,0.5555555556
1345,4.351,4.351,3,3.4739999999999998
265,2.8710000000000004,2.551,3,3.7110000000000003
1405,2.155,2.9610000000000003,3,2.05
1410,1.64,1.335,2,1.9069999999999998
1070,18.099,27.139,3,22.21
580,4.468,5.4510000000000005,3,5.0244444444
1090,15.279000000000002,27.05,3,12.994000000000002
110,0.478,0.478,3,0.9
550,7.817,7.051,2,9.684
55,0.868,0.868,3,0.773
1325,3.199,3.515,2,3.122
1365,3.7060000000000004,2.862,3,3.505
40,0.84,0.675,3,0.67375
535,5.872999999999999,6.707000000000001,3,6.6610000000000005
60,0.455,0.649,2,0.5922222222
925,11.262,11.717,2,12.694
855,17.049,13.599,3,15.482999999999999
265,1.33,1.011,3,2.327
600,7.362,6.682,2,5.723
895,14.169,15.105,3,15.578
95,0.42700000000000005,0.42700000000000005,3,0.65
195,0.239,0.713,3,0.489
55,0.42,0.7583333333,3,0.7371428570999999
1235,8.177,6.9,3,6.656000000000001
545,8.245,9.971,2,8.417
1390,1.729,1.9609999999999999,2,1.6909999999999998
1215,5.8,6.29,3,5.1666666667
755,6.7588888889,6.5642857142999995,3,7.4175
1070,12.18,15.265999999999998,3,12.955
855,8.87,8.984,3,11.437999999999999
1435,1.2844444444,1.2844444444,3,0.465
1080,13.288,13.288,3,12.182
1035,20.178,20.027,3,25.118000000000002
1135,8.946,9.289,2,7.212000000000001
1380,1.86,1.845,2,1.472
1435,1.835,1.0255555556,3,1.194
860,11.437999999999999,8.87,3,8.57625
1330,3.0625,2.85375,3,3.1725
535,8.941,10.695,2,10.035
160,0.8440000000000001,0.645,3,0.723
85,0.15,0.39399999999999996,2,0.2466666667
90,0.161,0.589,3,0.07200000000000001
800,16.19,12.777999999999999,3,14.785
620,7.612,7.472,2,7.678
35,1.072,0.644,2,0.978
185,0.6288888889,0.3333333333,2,0.3944444444
885,12.099,11.29,2,9.584
50,0.344,0.439,3,0.35
195,0.517,0.16699999999999998,3,0.384
140,0.623,0.523,3,0.5379999999999999
280,2.14125,2.029,3,2.472
1415,1.538,1.3659999999999999,3,1.2990000000000002
740,6.861000000000001,5.992999999999999,3,7.666666666699999
1120,9.744,7.596,2,8.328
1280,7.232,7.656000000000001,3,5.316
185,0.2288888889,0.54125,3,0.1675
700,9.361,9.095,3,10.482000000000001
705,10.56,13.638,3,12.399000000000001
390,5.721,5.721,3,7.461
275,2.75125,1.8625,3,2.51625
380,9.705,9.927999999999999,3,12.606
105,0.34,0.294,3,0.23399999999999999
1255,4.444,4.75,2,3.466
225,1.016,0.484,3,1.123
560,10.695,10.449000000000002,3,9.998
435,7.289,7.289,3,8.8328571429
1120,9.472000000000001,9.7955555556,3,10.09
720,6.311,8.484,2,8.149
425,10.177999999999999,9.467,2,9.677999999999999
180,0.59,0.983,3,0.8390000000000001
765,7.61,7.61,3,6.85375
765,8.495,7.94,2,9.677999999999999
1205,4.5922222222,5.45,3,6.0166666667
340,4.75,4.995,3,4.838
1420,1.24,1.9777777778,3,0.9840000000000001
820,8.367,6.61,3,9.86
1200,8.199,7.604,3,7.2
425,11.020999999999999,12.705,3,11.555
970,10.289000000000001,12.135,2,12.958
695,9.095,12.083,3,9.361
540,9.971,13.527999999999999,2,8.245
635,5.794,5.8825,3,6.084
1235,4.062,3.5780000000000003,2,4.184
345,4.838,4.75,3,6.266
205,0.78,0.37799999999999995,3,0.618
1015,14.7088888889,14.687000000000001,3,15.033
145,0.228,0.2655555556,2,0.41
620,4.3722222222000005,4.3722222222000005,3,4.044
1270,3.6722222222000003,5.395,3,4.7275
245,1.25,0.945,3,0.856
1165,8.1,8.221,2,6.343999999999999
1190,3.5839999999999996,5.437,2,4.5280000000000005
10,1.5988888889,1.5988888889,3,1.2388888889
255,1.551,1.344,3,1.55
975,16.712,27.561,3,16.0
620,9.039,9.717,3,9.9
70,0.517,0.2,3,0.423
815,9.218,7.567,2,10.645999999999999
1315,4.955,3.906,3,4.854
35,0.6177777778,0.6177777778,3,0.5975
580,10.222000000000001,11.667,3,10.703
390,9.878,8.706,2,8.446
360,5.43,4.677,3,4.7411111111
260,2.1790000000000003,2.0380000000000003,2,2.066
1425,0.9940000000000001,1.1111111111,3,0.9790000000000001
930,12.006666666700001,11.42875,3,11.715
730,7.834,8.291,2,11.168
1060,15.0444444444,14.60625,3,15.607000000000001
1290,4.93875,3.634,3,3.6911111111
125,0.395,0.4144444444,2,0.20600000000000002
1245,5.0169999999999995,6.053999999999999,2,4.75
380,4.1819999999999995,5.205,3,5.122000000000001
660,6.773,7.6610000000000005,2,6.407
575,5.4510000000000005,4.272,3,4.468
230,1.0833333333,1.23625,3,0.48666666670000003
1025,14.15,13.534,2,14.702
1140,8.138,6.402,3,5.894
445,11.35,11.535,2,13.877
930,11.860999999999999,11.860999999999999,3,12.644
440,9.655,9.002,2,10.784
450,17.305,14.501,3,19.877
1030,19.977999999999998,18.072,3,30.326999999999998
1145,6.345,6.367000000000001,2,5.54
710,6.898,6.71375,3,5.7088888889
575,4.255,4.9433333333,3,5.0328571429
1320,2.279,2.968,2,2.767
40,0.978,1.072,2,0.20600000000000002
530,10.195,11.962,2,13.527999999999999
915,11.767999999999999,11.345,2,9.173
505,8.929,10.689,2,10.505999999999998
1305,3.5944444444,5.9311111111,3,3.8680000000000003
880,11.667,8.406,3,9.133
1220,5.983,4.583,2,4.456
960,11.5677777778,11.3257142857,3,12.9225
335,8.389,7.271,3,9.283
275,4.632,3.245,2,4.838
570,10.470999999999998,11.572000000000001,3,10.499
150,0.23399999999999999,0.0,2,0.23399999999999999
1315,3.113,3.8680000000000003,3,3.7439999999999998
1125,9.317,9.222999999999999,2,8.662
350,8.782,10.667,2,8.899
860,12.685,12.515999999999998,3,15.849
215,0.629,0.618,3,1.249
485,6.2225,6.112222222200001,3,4.5485714286
630,9.982999999999999,9.39,3,9.66
905,11.825,11.825,3,9.984
520,6.0488888889,4.4388888889,3,5.961
60,0.4755555556,0.6922222222,2,0.5811111111
1080,14.40125,15.4983333333,3,10.7355555556
60,0.5,0.8440000000000001,2,0.21600000000000003
1100,13.433,12.994000000000002,3,13.093
590,5.355,5.6111111111000005,3,5.305
590,7.077000000000001,9.277999999999999,2,6.682
115,0.624,0.23399999999999999,3,0.14400000000000002
1175,5.8839999999999995,6.343999999999999,2,6.211
880,13.638,11.204,3,14.667
1310,2.9330000000000003,3.588,3,3.3
1385,2.1222222222,1.456,3,1.9680000000000002
500,8.215,4.85,3,6.2925
1050,19.749000000000002,16.485,3,19.660999999999998
755,5.7,5.7,3,7.517
420,5.178999999999999,6.305,3,6.6288888889
850,8.344,8.095,2,8.266
820,13.434000000000001,12.533,3,14.300999999999998
1045,16.485,25.118000000000002,3,19.749000000000002
890,11.14,12.817,2,10.533
205,0.512,0.623,3,1.145
555,10.449000000000002,10.327,3,10.695
695,6.289,6.289,3,5.822
575,10.499,10.470999999999998,3,12.339
630,10.417,9.9,3,10.067
330,4.499,4.499,3,5.0885714286
265,2.843,1.55,3,3.965
920,9.173,11.767999999999999,2,12.800999999999998
585,9.133,10.549000000000001,3,10.872
225,1.23625,0.9057142856999999,3,1.0833333333
155,0.534,0.617,3,0.42200000000000004
730,11.693,9.011000000000001,3,9.982000000000001
1410,2.1109999999999998,2.1109999999999998,3,1.011
1310,5.367000000000001,7.85,3,8.395
1130,10.377,10.377,3,9.422
1295,3.784,4.7166666667,3,5.9311111111
600,5.055,5.76375,3,4.9719999999999995
1430,1.028,1.028,3,1.2844444444
850,9.02125,9.02125,3,10.728
790,8.218,7.0729999999999995,2,9.038
1320,5.472,6.5329999999999995,3,5.237
875,10.556,9.493,3,9.776
110,0.57,0.2655555556,2,0.5775
1375,5.022,6.282,3,4.821000000000001
545,6.96,10.035,2,8.273
1080,11.995,12.1477777778,3,10.195
1230,6.084,4.671,2,5.4270000000000005
730,8.033,8.906,2,7.816
555,5.4388888889,5.4388888889,3,4.5177777778
470,18.195999999999998,18.91,3,18.029
650,10.017999999999999,9.895,3,10.04
430,9.677999999999999,10.177999999999999,2,9.002
555,5.118,5.20875,3,4.5444444444
145,0.5,0.0866666667,2,0.21428571429999999
845,11.517000000000001,11.559000000000001,3,14.199000000000002
625,9.39,11.86,3,9.982999999999999
755,10.51,12.158,3,11.123
125,0.3675,0.156,3,0.2057142857
1050,15.177,16.234,2,11.162
1080,11.495,12.955,3,14.662
975,13.23,13.562000000000001,2,6.835
455,18.239,18.667,3,24.115
805,7.7588888889,7.7588888889,3,7.767
570,4.9433333333,5.7142857143,3,4.255
1090,13.079,10.195,3,12.19
985,17.438,17.177,3,25.284000000000002
880,11.783,12.595,3,14.950999999999999
480,14.706,22.799,3,11.395
1380,2.395,2.395,3,2.2569999999999997
545,5.994444444400001,6.6610000000000005,3,6.1875
1260,5.723,6.149,3,5.832999999999999
680,6.095,5.25625,3,6.3955555556
510,4.808888888899999,5.60375,3,4.088
315,1.9509999999999998,2.086,3,2.263
975,12.7,12.4914285714,3,12.8644444444
455,14.35,11.839,2,13.800999999999998
1290,5.737,5.982,3,6.41
1235,4.332,4.978,2,4.482
1240,4.184,4.062,2,3.338
150,0.462,0.15,3,0.39
775,15.020999999999999,13.876,3,14.149000000000001
955,12.489,12.489,3,11.1985714286
1085,10.7355555556,14.40125,3,12.7711111111
160,0.528,0.8390000000000001,3,1.056
1235,5.233,5.7379999999999995,3,6.356
1150,8.277999999999999,9.011000000000001,3,10.527999999999999
955,13.572000000000001,11.947000000000001,2,11.6
420,8.4055555556,6.7575,3,5.42875
410,11.783,13.424000000000001,2,9.516
1150,9.14,8.189,3,9.077
1240,6.356,5.233,3,6.127999999999999
135,0.38299999999999995,0.44444444439999997,2,0.0866666667
675,8.556000000000001,9.861,2,7.406000000000001
40,0.506,0.35100000000000003,3,0.439
1060,14.1922222222,16.7071428571,3,15.265999999999998
50,0.6244444444,0.6685714286,3,1.056
125,0.078,0.078,3,0.156
65,0.726,0.85,3,0.7120000000000001
970,13.562000000000001,11.855,2,13.23
5,0.7659999999999999,0.6890000000000001,2,0.789
1050,16.555,16.555,3,15.265555555599999
640,4.0488888889,4.0488888889,3,5.4066666667
595,6.682,7.077000000000001,2,7.362
760,9.294,8.716000000000001,2,10.038
150,0.36,0.285,3,0.4
1095,9.728,8.277142857100001,2,9.55
195,0.672,0.9440000000000001,2,0.698
945,11.561111111099999,12.6555555556,3,11.338888888900001
555,9.945,8.273,2,8.728
410,7.395,7.216,3,6.7575
285,4.556,4.838,2,4.89
265,2.066,2.1790000000000003,2,3.556
545,4.5,5.84,3,5.20875
420,9.467,9.516,2,10.177999999999999
480,8.4077777778,5.712999999999999,3,5.61875
585,9.399,7.428999999999999,2,8.541
1180,7.577000000000001,9.265,3,6.766
460,6.23,7.456,3,7.4183333333000006
945,16.211,14.975999999999999,3,15.434000000000001
1155,7.928,4.9925,3,6.2225
525,12.595,13.345,3,12.157
25,1.2770000000000001,0.828,3,0.838
910,14.683,14.789000000000001,3,13.552
155,0.1875,1.1814285714,3,0.4188888889
605,10.517000000000001,10.111,3,9.104
740,7.2170000000000005,7.816,2,8.35
185,0.38875,0.37200000000000005,2,0.9440000000000001
625,6.695,7.405,2,7.172999999999999
1135,9.745,10.533,3,8.894
1280,2.55,2.25,2,2.9560000000000004
255,1.517,1.9769999999999999,3,2.551
1245,3.889,4.567,3,3.4622222222000003
1300,4.511,3.6911111111,3,4.971
1370,2.339,1.633,2,2.066
1065,15.116,12.700999999999999,2,12.457
180,0.5555555556,0.261,2,0.10285714289999999
645,8.972000000000001,8.417,3,10.755999999999998
1305,4.971,4.511,3,5.7522222222
270,3.556,2.066,2,3.285
775,8.3328571429,6.8885714286,3,6.535
1130,9.289,11.128,2,8.946
320,6.843999999999999,4.794,3,7.979
95,0.3,0.5,3,0.294
1220,5.1666666667,5.8,3,5.183
0,0.6890000000000001,0.823,2,0.7659999999999999
610,4.8044444444,4.9719999999999995,3,5.28625
270,3.245,2.634,2,4.632
190,0.3522222222,0.10285714289999999,2,0.294
1410,2.5069999999999997,2.039,3,2.779
955,17.293,21.416,3,24.234
1085,14.662,11.495,3,12.815
1185,6.006,5.572,3,5.544
770,13.876,12.927999999999999,3,15.020999999999999
470,7.0889999999999995,6.17375,3,5.727
1435,1.8769999999999998,2.4219999999999997,3,2.083
1185,4.8633333333,6.1339999999999995,3,5.0825
580,5.0328571429,4.255,3,5.6111111111000005
620,9.656,8.762,3,9.235
330,3.4928571429,2.3775,3,4.861000000000001
635,4.66,5.694,3,6.205
885,10.995,10.468,2,11.1
520,10.145,12.035,2,11.962
1270,4.15,4.72875,3,5.5611111111
950,11.338888888900001,11.561111111099999,3,12.622
345,6.0122222222,4.8642857143,3,5.76375
180,0.37799999999999995,0.695,3,0.38299999999999995
755,6.772,7.6188888889,3,5.318
240,0.945,1.085,3,1.25
465,6.056,6.674444444400001,3,7.065
690,4.8533333333,4.8533333333,3,6.289
1265,4.72875,4.9388888889,3,4.15
930,12.196,14.720999999999998,3,13.232000000000001
715,11.07,10.777000000000001,3,11.633
960,11.6,13.572000000000001,2,12.135
675,9.845,11.982000000000001,3,13.049000000000001
255,2.0380000000000003,1.79,2,2.1790000000000003
675,10.145,8.566,3,9.559
875,11.204,14.295,3,13.638
865,10.939,9.449,2,9.068
1090,13.755999999999998,14.378,3,13.112
430,5.2966666667,5.2966666667,3,7.289
1410,1.601,1.794,3,1.9777777778
525,6.646,6.0425,3,6.623333333300001
70,0.41600000000000004,0.5811111111,2,0.25333333329999996
1280,4.5942857143,4.7044444444,3,4.435
1300,2.4130000000000003,3.217,2,3.34
1170,5.8425,7.595,3,5.1175
840,8.639,8.628,2,8.095
1245,3.338,4.184,2,4.439
1375,1.845,1.4669999999999999,2,1.86
965,13.377,13.741111111099999,2,12.745
320,7.49,4.772,2,6.428
655,9.673,11.481,3,10.588
430,11.555,11.020999999999999,3,14.355
1305,5.1160000000000005,5.242999999999999,3,3.906
1225,6.555,10.562999999999999,3,5.7379999999999995
1015,12.005999999999998,12.915999999999999,2,12.806
1305,2.7489999999999997,3.177,2,2.705
205,0.44,0.9688888889,2,0.2
705,9.329,11.561,3,9.455
265,2.634,2.293,2,3.245
810,14.194,14.785,3,14.870999999999999
560,9.594,9.684,2,8.157
1020,21.872,18.232,3,18.072
200,0.623,0.556,3,0.512
295,2.937,2.6439999999999997,3,2.6830000000000003
900,10.005555555599999,9.4757142857,3,11.7844444444
665,6.305,6.6428571429,3,5.27
80,0.66,0.86125,3,0.66
770,12.056,10.856,3,11.444
60,0.505,0.457,3,0.2
1415,1.011,1.011,3,1.45
1130,8.34,10.09,3,9.36875
1000,14.612,14.923,2,12.4816666667
455,7.456,6.2528571429,3,6.23
720,7.746,5.922000000000001,2,8.906
95,0.37799999999999995,0.561,2,0.1544444444
335,9.007,8.744,2,8.601
1155,7.94,6.766,2,8.221
30,1.084,0.706,2,0.873
650,10.755999999999998,8.972000000000001,3,9.35
200,0.9688888889,0.7609999999999999,2,0.44
400,13.25,13.012,3,14.5325
790,6.729,6.843,3,7.928999999999999
545,5.0280000000000005,4.377,3,4.477
895,10.533,11.14,2,11.384
1100,11.883,11.507,2,8.967
980,6.835,13.23,2,11.765555555599999
60,0.85,1.056,3,0.726
1075,18.711,16.801,3,25.454
325,4.5071428571,3.4339999999999997,3,5.7711111111
1430,3.127,2.967,3,2.1830000000000003
195,0.3085714286,0.24,3,0.37799999999999995
1425,2.344,2.35,3,1.311
1385,1.9609999999999999,2.81,2,1.729
1145,8.189,8.894,3,9.14
1105,11.773,11.773,3,10.155
465,7.4183333333000006,6.23,3,7.135555555599999
380,10.306,8.889,3,10.765999999999998
330,5.7711111111,4.5071428571,3,5.7655555556
805,14.785,16.19,3,14.194
390,10.588,10.765999999999998,3,11.249
640,6.382999999999999,7.5889999999999995,2,9.652000000000001
270,3.7110000000000003,2.8710000000000004,3,4.505
495,8.917,7.189,2,10.689
1230,3.5780000000000003,5.322,2,4.062
905,14.789000000000001,15.578,3,14.683
290,2.6439999999999997,3.0425,3,2.937
350,6.55,6.55,3,7.117000000000001
680,6.7542857143,4.91875,3,5.1966666667000005
180,0.634,0.828,3,0.39
410,9.252,9.867,2,8.013
640,6.084,5.794,3,4.0371428571
55,0.8440000000000001,0.594,2,0.5
580,6.129,6.072222222200001,3,4.789
515,4.088,4.808888888899999,3,5.79
955,12.622,11.338888888900001,3,10.956
815,9.1028571429,6.735,3,10.938888888900001
115,0.5775,0.57,2,0.9022222222
615,5.28625,4.8044444444,3,5.6055555556
435,13.26,14.538,3,15.427
245,1.08,0.6375,3,1.3577777778
415,5.939,5.939,3,6.622999999999999
550,8.417,8.245,2,7.434
1385,2.2569999999999997,2.2569999999999997,3,3.245
140,0.5720000000000001,0.6609999999999999,3,0.506
1150,7.511,5.894,3,6.671
1290,5.232,5.232,3,5.1610000000000005
400,13.072000000000001,11.249,3,15.960999999999999
635,9.406,8.577,3,8.417
105,0.395,0.467,3,0.7340000000000001
375,9.417,7.36,3,9.455
1285,2.9560000000000004,2.55,2,3.372
350,12.093,10.655999999999999,3,8.627
815,12.533,10.767999999999999,3,13.434000000000001
770,6.8885714286,6.86,3,8.3328571429
235,1.1,0.946,3,0.516
635,7.541,7.172999999999999,2,8.927999999999999
670,6.449,5.773,3,5.6375
310,3.66,4.388999999999999,3,5.204
710,7.891,7.638,2,8.484
1165,8.816,8.967,3,7.966
1230,5.303999999999999,5.183,3,4.1355555556
685,11.606,9.559,3,12.083
115,0.8220000000000001,0.917,3,0.545
1160,8.773,9.837,3,7.327999999999999
270,1.8625,1.2,3,2.75125
30,0.644,0.42,2,1.072
150,0.21428571429999999,0.5,2,0.32
365,8.045,7.478,2,7.535555555599999
30,1.285,1.1320000000000001,3,0.6466666667000001
540,11.577,15.120999999999999,3,10.283
1375,2.627,2.627,3,2.395
25,0.774,0.555,3,0.8655555556
125,0.6990000000000001,0.5,3,0.884
375,3.9433333333,4.1722222222,3,4.9133333333
850,8.984,8.81,3,8.87
1035,16.671,13.561,2,13.144
445,18.692999999999998,14.762,3,17.383
1265,5.117,3.466,2,3.839
65,0.2,0.505,3,0.517
750,7.877000000000001,7.122000000000001,2,8.722999999999999
1205,4.473,6.257000000000001,3,6.4225
180,0.588,0.588,3,0.3
20,1.301,0.95,3,0.9209999999999999
50,0.5055555556,0.5055555556,2,0.649
1325,5.237,5.472,3,5.015
1095,12.994000000000002,15.279000000000002,3,13.433
950,21.416,21.888,3,17.293
1165,5.377000000000001,7.138999999999999,2,6.25
1185,10.284,9.249,3,9.149
600,4.533,4.694,3,5.683
235,0.69,1.102,3,1.026
1055,19.660999999999998,19.749000000000002,3,16.044
130,0.773,0.4,3,0.523
445,14.501,12.805,3,17.305
395,8.058,7.516,2,10.982999999999999
1030,13.561,12.544,2,16.671
20,0.895,1.15,3,1.0270000000000001
475,7.5,7.135555555599999,3,6.624444444400001
805,11.182,8.744,2,7.567
20,0.828,0.645,3,1.2770000000000001
45,0.439,0.506,3,0.344
1415,3.5660000000000003,3.656,3,3.2889999999999997
1300,3.90125,3.176,3,3.588
1080,19.867,22.21,3,14.378
1370,2.795,2.795,3,2.627
680,6.876666666699999,5.6375,3,4.6339999999999995
630,7.172999999999999,6.695,2,7.541
945,14.399000000000001,10.537,2,11.947000000000001
935,11.715,12.006666666700001,3,10.77875
1150,6.472,6.472,3,7.6585714286
710,12.399000000000001,10.56,3,13.249
715,7.646,6.773,2,7.6555555555999995
565,10.767000000000001,10.311,3,11.561
845,8.095,8.639,2,8.344
655,6.0111111111,4.338,3,5.5
825,9.86,8.367,3,8.267999999999999
835,8.3888888889,8.3888888889,3,7.9633333333000005
550,10.884,10.283,3,10.828
1020,12.806,12.005999999999998,2,12.544
355,9.294,10.593,2,9.512
1280,8.155,7.4670000000000005,3,7.439
80,0.94,0.695,3,0.628
1100,11.332,12.19,3,10.677
830,13.248,13.772,3,13.210999999999999
100,0.561,0.561,3,0.17333333329999998
775,12.872,11.693,3,10.639000000000001
775,5.965,8.383,3,6.289
1295,3.217,2.928,2,2.4130000000000003
65,0.517,0.434,3,0.606
1135,6.402,8.299,3,8.138
5,0.6729999999999999,0.478,2,1.068
780,14.149000000000001,15.020999999999999,3,14.057
800,6.785,6.785,3,7.7588888889
1055,16.7071428571,14.845555555599999,3,14.1922222222
25,1.0270000000000001,0.895,3,0.54
1230,4.978,4.456,2,4.332
970,11.145,11.145,3,14.4755555556
300,4.26,5.617999999999999,2,4.611000000000001
960,13.66,12.822000000000001,2,11.855
1035,13.65,14.705,3,12.145
620,7.405,7.101,2,6.695
165,0.222,0.4188888889,3,0.3266666667
1045,16.694000000000003,16.694000000000003,3,16.555
1040,14.193,14.193,3,16.694000000000003
1285,4.435,4.5942857143,3,4.7166666667
560,3.9,4.506,3,6.205
1405,1.794,1.9040000000000001,3,1.601
1030,14.25,12.18,2,13.234000000000002
305,4.611000000000001,4.26,2,4.066
15,0.95,1.571,3,1.301
15,1.0855555556,0.955,3,0.555
1375,3.1430000000000002,3.505,3,2.2
920,9.333,10.689,3,9.865
1015,13.495,13.595999999999998,3,13.64
1155,9.837,8.443999999999999,3,8.773
645,12.395714285699999,11.15,3,11.481
510,11.949000000000002,12.328,3,12.322000000000001
400,8.11,8.11,3,7.572
705,6.71375,5.7088888889,3,6.898
20,0.75,0.9279999999999999,2,0.706
550,6.1875,5.994444444400001,3,5.551
910,12.4357142857,11.7844444444,3,9.161
1400,1.6059999999999999,1.456,2,0.711
545,4.416,4.416,3,3.511
160,0.7477777778,0.23399999999999999,2,0.322
125,0.4,0.545,3,0.773
135,0.462,0.884,3,0.523
1350,4.51,6.749,3,6.182
295,3.4010000000000002,3.4010000000000002,3,2.234
170,0.28800000000000003,0.28800000000000003,3,0.28800000000000003
1275,4.485,3.839,2,4.277
705,7.638,9.016,2,7.891
980,12.63375,12.63375,3,16.2628571429
400,6.7385714286,9.17375,3,7.216
700,5.5,5.0866666667,3,5.927142857100001
480,9.994,10.434000000000001,2,11.444
1235,4.0555555556,4.7777777778,3,4.0255555556000004
595,11.911,10.285,3,10.111
30,0.8655555556,0.774,3,0.675
1335,2.5744444444,2.805,3,3.424
165,1.2009999999999998,0.42200000000000004,3,0.695
1220,10.562999999999999,7.795,3,6.555
450,7.289,7.735,3,6.3388888889
1035,30.326999999999998,19.977999999999998,3,18.166
1235,4.1355555556,5.303999999999999,3,5.287999999999999
1040,25.118000000000002,20.178,3,16.485
875,8.0733333333,8.0733333333,3,9.4188888889
505,11.512,11.489,3,12.020999999999999
175,0.078,0.19111111109999998,2,0.3333333333
450,13.877,11.35,2,12.195
65,0.5922222222,0.455,2,0.4188888889
940,13.822000000000001,16.288,3,20.359
95,0.6055555556000001,0.37799999999999995,2,0.3633333333
775,9.094,9.677999999999999,2,7.337999999999999
330,6.4270000000000005,7.979,3,8.661
255,1.0677777778,0.522,3,1.011
1380,2.2,3.1430000000000002,3,2.178
965,11.855,13.66,2,13.562000000000001
595,5.343999999999999,5.343999999999999,3,3.5611111111000002
1415,2.779,2.5069999999999997,3,2.094
580,8.656,10.128,2,8.823
240,1.026,0.69,3,0.816
630,8.015,7.678,2,5.034
980,16.0,16.712,3,18.243
515,4.4388888889,4.691111111100001,3,6.0488888889
185,0.10285714289999999,0.5555555556,2,0.3522222222
565,9.567,8.728,2,7.895
115,1.01,0.789,3,0.26375
195,0.605,0.1675,3,0.735
10,1.571,1.81,3,0.95
1100,11.645,11.645,3,11.773
100,0.583,0.618,3,0.511
1195,3.909,4.534,2,4.654
990,25.284000000000002,17.438,3,28.629
1140,8.894,9.745,3,8.189
1165,4.59,5.907,2,5.294
755,10.672,10.595,3,12.755
720,7.343999999999999,7.343999999999999,3,5.667999999999999
1220,6.21,6.21,3,5.5
295,4.445,5.916,2,5.171
1000,13.54875,11.7575,3,13.326666666700001
935,12.8,12.694,2,10.005
1305,3.588,3.90125,3,2.9330000000000003
825,9.468,9.468,3,10.49
1255,4.173,4.173,3,4.579
60,0.773,0.773,3,0.672
110,0.58,0.4188888889,3,0.54
415,16.066,17.255,3,13.895
330,7.271,7.155,3,8.389
1255,3.9888888889,5.394,3,3.77
1010,12.915999999999999,15.901,2,12.005999999999998
945,20.359,13.822000000000001,3,26.962
1140,7.382999999999999,7.382999999999999,3,6.537999999999999
930,12.39,7.388999999999999,3,13.05
1000,12.833,14.425999999999998,3,14.3511111111
740,10.834000000000001,10.066,3,10.860999999999999
340,9.283,8.389,3,9.794
780,10.960999999999999,11.444,3,11.433
195,0.07200000000000001,0.07200000000000001,3,0.444
815,9.857000000000001,8.405,2,10.146
1070,10.960999999999999,9.879,2,10.507
1070,13.267000000000001,15.164000000000001,3,12.1477777778
970,11.4322222222,14.1288888889,3,10.821
245,1.2109999999999999,1.8730000000000002,2,1.9780000000000002
1000,14.306,14.072000000000001,2,14.477
70,0.9440000000000001,0.705,3,0.544
995,20.511,18.344,3,19.656
540,11.833,11.494000000000002,3,10.482999999999999
1300,6.577999999999999,6.082999999999999,3,7.85
1430,1.0255555556,0.9840000000000001,3,1.835
1015,18.232,23.410999999999998,3,21.872
885,12.817,9.812000000000001,2,11.14
895,9.755,9.584,2,10.389000000000001
605,9.11,9.11,3,4.25625
1045,15.429,14.401,3,20.7777777778
805,7.416666666699999,8.65,3,6.735
305,3.71,4.399,3,4.05
1060,16.044,19.660999999999998,3,27.139
80,0.39399999999999996,0.25333333329999996,2,0.15
300,2.6830000000000003,2.937,3,1.8459999999999999
495,9.282,11.189,2,9.834
1175,10.027000000000001,7.966,3,8.005
1210,4.939,4.449,2,4.583
215,1.412,0.47700000000000004,2,0.5720000000000001
1295,4.683,4.488,3,5.242999999999999
1020,15.033,14.7088888889,3,12.926666666700001
130,0.45,0.361,3,0.6609999999999999
1025,12.926666666700001,15.033,3,12.684000000000001
755,8.716000000000001,7.472,2,9.294
415,8.013,9.252,2,9.445
410,15.705,14.888,3,17.695
880,9.4188888889,9.4188888889,3,8.283
465,18.107,23.033,3,17.862000000000002
160,0.625,0.36444444439999996,2,0.517
1145,8.84,7.622000000000001,3,8.443999999999999
555,8.684,9.806000000000001,3,10.311
1415,2.115,2.05,3,2.35
1045,25.034000000000002,20.372,3,22.131999999999998
125,0.36,0.14400000000000002,3,0.14400000000000002
165,0.42666666670000003,0.6733333333,2,0.1666666667
80,0.589,0.423,3,0.317
885,18.36,26.54125,3,21.987
1005,13.468,12.3711111111,3,13.595999999999998
345,6.655,7.117000000000001,2,9.422
385,12.606,9.705,3,11.195
1390,2.201,2.178,3,3.5610000000000004
1365,4.093,4.033,3,3.005
720,7.0329999999999995,6.227,3,6.3577777778
990,15.39,17.122,3,17.965999999999998
405,9.867,10.982999999999999,2,9.252
1170,9.145,9.389,3,9.599
940,12.6555555556,13.05,3,11.561111111099999
845,13.218,12.685,3,13.255999999999998
580,7.428999999999999,7.751,2,9.399
305,2.1390000000000002,1.9680000000000002,3,2.1488888888999997
1385,1.256,1.295,2,1.389
995,13.255999999999998,12.794,3,12.3711111111
645,4.789,6.205,3,5.195
1180,6.1339999999999995,5.1175,3,4.8633333333
955,13.815,12.401111111099999,3,10.387
665,5.773,5.5,3,6.449
105,0.17333333329999998,0.17333333329999998,3,0.478
120,0.9022222222,0.5775,2,0.389
75,0.544,0.9440000000000001,3,0.37799999999999995
515,10.012,9.007,2,10.806
1245,7.132999999999999,6.656000000000001,3,5.7829999999999995
595,10.145,11.124,3,9.306000000000001
800,7.1,7.928999999999999,3,7.53
545,7.051,7.655,2,7.817
870,11.515999999999998,9.383,3,8.406
1365,2.472,2.627,3,2.3711111111000003
1345,2.6914285714,3.424,3,3.045
135,0.28800000000000003,0.294,3,0.312
665,7.627999999999999,6.612,2,9.339
85,0.4875,0.08,2,0.561
200,0.489,0.239,3,0.489
375,7.444,7.535555555599999,2,7.94
990,13.227,11.923,2,12.216
830,10.4725,9.51375,3,8.4622222222
285,4.416,4.239,3,5.021
1400,1.389,1.6909999999999998,2,1.2
1075,12.955,12.18,3,11.495
740,12.439,9.982000000000001,3,11.833
1025,18.072,21.872,3,19.977999999999998
1065,15.607000000000001,15.0444444444,3,11.917
1370,3.005,4.093,3,3.582
1215,6.289,6.289,3,6.21
695,5.5142857143,5.4311111111,3,6.189
395,13.300999999999998,11.195,3,14.520999999999999
1155,10.527999999999999,8.277999999999999,3,8.967
870,10.7025,8.5,3,9.888
1430,1.21,1.0170000000000001,2,0.728
310,2.867,2.867,3,3.7411111111
275,2.3644444444,2.051,3,2.43
410,11.0,12.607000000000001,2,9.367
560,8.728,9.945,2,9.567
1165,9.389,8.816,3,9.145
325,6.816,6.022,2,9.229
110,0.7340000000000001,0.395,3,1.063
735,7.455,7.577999999999999,2,7.452000000000001
815,6.61,8.3522222222,3,8.367
370,7.627000000000001,8.022,2,10.828
1085,9.521,12.283,2,12.068
1045,14.039000000000001,12.145,3,13.289000000000001
855,10.352,7.555,3,9.994
95,0.618,0.512,3,0.583
670,9.861,6.712999999999999,2,8.556000000000001
1005,13.326666666700001,13.54875,3,14.687000000000001
990,13.712,11.765555555599999,2,14.072000000000001
220,1.061,0.972,2,1.173
990,15.1025,12.9688888889,3,11.7575
375,10.828,7.627000000000001,2,9.955
445,7.735,7.96,3,7.289
180,0.32,0.84,3,0.355
845,8.81,9.177,3,8.984
980,12.8644444444,12.7,3,12.9688888889
70,0.606,0.517,3,0.36200000000000004
850,7.445,7.645,3,9.08375
520,5.79,4.088,3,4.26375
715,6.227,6.044,3,7.0329999999999995
925,20.756,19.271,3,20.905
1140,5.783333333300001,9.36875,3,7.226
1050,17.555999999999997,25.994,3,20.820999999999998
235,0.48666666670000003,1.0833333333,3,0.6375
90,0.2466666667,0.15,2,0.2411111111
580,4.6288888889,4.6288888889,3,5.417999999999999
